filename,basename,toolid,toolmode,parser_version,runid,start,duration,exit_code,findings,infos,errors,fails
contracts/batch_04/obfuscated/batch04_contract_001_obf.sol,batch04_contract_001_obf.sol,mythril-0.24.8,solidity,2025/08/29,20260405_1725,1775410195.0841584,3.2146546840667725,0,,,Solc experienced a fatal error,
contracts/batch_04/obfuscated/batch04_contract_002_obf.sol,batch04_contract_002_obf.sol,mythril-0.24.8,solidity,2025/08/29,20260405_1725,1775410093.6478117,3.082073450088501,0,,,Solc experienced a fatal error,
contracts/batch_04/obfuscated/batch04_contract_003_obf.sol,batch04_contract_003_obf.sol,mythril-0.24.8,solidity,2025/08/29,20260405_1725,1775410453.6278067,3.5473268032073975,0,,,Solc experienced a fatal error,
contracts/batch_04/obfuscated/batch04_contract_004_obf.sol,batch04_contract_004_obf.sol,mythril-0.24.8,solidity,2025/08/29,20260405_1725,1775410149.7110715,3.3599135875701904,0,,,Solc experienced a fatal error,
contracts/batch_04/obfuscated/batch04_contract_005_obf.sol,batch04_contract_005_obf.sol,mythril-0.24.8,solidity,2025/08/29,20260405_1725,1775410174.2546217,2.9311628341674805,0,,,Solc experienced a fatal error,
contracts/batch_04/obfuscated/batch04_contract_006_obf.sol,batch04_contract_006_obf.sol,mythril-0.24.8,solidity,2025/08/29,20260405_1725,1775410328.3713205,2.9438703060150146,0,,,Solc experienced a fatal error,
contracts/batch_04/obfuscated/batch04_contract_008_obf.sol,batch04_contract_008_obf.sol,mythril-0.24.8,solidity,2025/08/29,20260405_1725,1775410084.601659,3.096906900405884,0,,,Solc experienced a fatal error,
contracts/batch_04/obfuscated/batch04_contract_009_obf.sol,batch04_contract_009_obf.sol,mythril-0.24.8,solidity,2025/08/29,20260405_1725,1775410266.2088666,2.646193027496338,0,,,Solc experienced a fatal error,
contracts/batch_04/obfuscated/batch04_contract_010_obf.sol,batch04_contract_010_obf.sol,mythril-0.24.8,solidity,2025/08/29,20260405_1725,1775410368.8715885,2.9238650798797607,0,,,Solc experienced a fatal error,
contracts/batch_04/obfuscated/batch04_contract_011_obf.sol,batch04_contract_011_obf.sol,mythril-0.24.8,solidity,2025/08/29,20260405_1725,1775410043.9433644,3.1214802265167236,0,,,Solc experienced a fatal error,
contracts/batch_04/obfuscated/batch04_contract_012_obf.sol,batch04_contract_012_obf.sol,mythril-0.24.8,solidity,2025/08/29,20260405_1725,1775410302.338026,2.458181858062744,0,,,Solc experienced a fatal error,
contracts/batch_04/obfuscated/batch04_contract_013_obf.sol,batch04_contract_013_obf.sol,mythril-0.24.8,solidity,2025/08/29,20260405_1725,1775410168.230023,3.0368480682373047,0,,,Solc experienced a fatal error,
contracts/batch_04/obfuscated/batch04_contract_014_obf.sol,batch04_contract_014_obf.sol,mythril-0.24.8,solidity,2025/08/29,20260405_1725,1775409949.358978,2.9685096740722656,0,,,Solc experienced a fatal error,
contracts/batch_04/obfuscated/batch04_contract_015_obf.sol,batch04_contract_015_obf.sol,mythril-0.24.8,solidity,2025/08/29,20260405_1725,1775410218.1050503,2.5445048809051514,0,,,Solc experienced a fatal error,
contracts/batch_04/obfuscated/batch04_contract_016_obf.sol,batch04_contract_016_obf.sol,mythril-0.24.8,solidity,2025/08/29,20260405_1725,1775410162.2302861,2.845827102661133,0,,,Solc experienced a fatal error,
contracts/batch_04/obfuscated/batch04_contract_017_obf.sol,batch04_contract_017_obf.sol,mythril-0.24.8,solidity,2025/08/29,20260405_1725,1775410087.6990023,3.051076650619507,0,,,Solc experienced a fatal error,
contracts/batch_04/obfuscated/batch04_contract_018_obf.sol,batch04_contract_018_obf.sol,mythril-0.24.8,solidity,2025/08/29,20260405_1725,1775410056.9501388,3.0379297733306885,0,,,Solc experienced a fatal error,
contracts/batch_04/obfuscated/batch04_contract_019_obf.sol,batch04_contract_019_obf.sol,mythril-0.24.8,solidity,2025/08/29,20260405_1725,1775409990.8733048,2.968935966491699,0,,,Solc experienced a fatal error,
contracts/batch_04/obfuscated/batch04_contract_020_obf.sol,batch04_contract_020_obf.sol,mythril-0.24.8,solidity,2025/08/29,20260405_1725,1775410299.4765534,2.861011266708374,0,,,Solc experienced a fatal error,
contracts/batch_04/obfuscated/batch04_contract_021_obf.sol,batch04_contract_021_obf.sol,mythril-0.24.8,solidity,2025/08/29,20260405_1725,1775410136.8795686,2.9853274822235107,0,,,Solc experienced a fatal error,
contracts/batch_04/obfuscated/batch04_contract_022_obf.sol,batch04_contract_022_obf.sol,mythril-0.24.8,solidity,2025/08/29,20260405_1725,1775410319.349428,3.069580316543579,0,,,Solc experienced a fatal error,
contracts/batch_04/obfuscated/batch04_contract_023_obf.sol,batch04_contract_023_obf.sol,mythril-0.24.8,solidity,2025/08/29,20260405_1725,1775410248.263243,2.605771780014038,0,,,Solc experienced a fatal error,
contracts/batch_04/obfuscated/batch04_contract_024_obf.sol,batch04_contract_024_obf.sol,mythril-0.24.8,solidity,2025/08/29,20260405_1725,1775410278.2978752,2.9796597957611084,0,,,Solc experienced a fatal error,
contracts/batch_04/obfuscated/batch04_contract_025_obf.sol,batch04_contract_025_obf.sol,mythril-0.24.8,solidity,2025/08/29,20260405_1725,1775410443.2154453,3.3354475498199463,0,,,Solc experienced a fatal error,
contracts/batch_04/obfuscated/batch04_contract_026_obf.sol,batch04_contract_026_obf.sol,mythril-0.24.8,solidity,2025/08/29,20260405_1725,1775410127.2764528,3.583624839782715,0,,,Solc experienced a fatal error,
contracts/batch_04/obfuscated/batch04_contract_027_obf.sol,batch04_contract_027_obf.sol,mythril-0.24.8,solidity,2025/08/29,20260405_1725,1775410096.730425,3.0463099479675293,0,,,Solc experienced a fatal error,
contracts/batch_04/obfuscated/batch04_contract_028_obf.sol,batch04_contract_028_obf.sol,mythril-0.24.8,solidity,2025/08/29,20260405_1725,1775410304.7968192,2.9182465076446533,0,,,Solc experienced a fatal error,
contracts/batch_04/obfuscated/batch04_contract_029_obf.sol,batch04_contract_029_obf.sol,mythril-0.24.8,solidity,2025/08/29,20260405_1725,1775409999.2249503,2.9992973804473877,0,,,Solc experienced a fatal error,
contracts/batch_04/obfuscated/batch04_contract_030_obf.sol,batch04_contract_030_obf.sol,mythril-0.24.8,solidity,2025/08/29,20260405_1725,1775410439.7060697,3.508894443511963,0,,,Solc experienced a fatal error,
contracts/batch_04/obfuscated/batch04_contract_032_obf.sol,batch04_contract_032_obf.sol,mythril-0.24.8,solidity,2025/08/29,20260405_1725,1775410066.6782973,3.3384976387023926,0,,,Solc experienced a fatal error,
contracts/batch_04/obfuscated/batch04_contract_034_obf.sol,batch04_contract_034_obf.sol,mythril-0.24.8,solidity,2025/08/29,20260405_1725,1775410112.0843213,2.585170269012451,0,,,Solc experienced a fatal error,
contracts/batch_04/obfuscated/batch04_contract_036_obf.sol,batch04_contract_036_obf.sol,mythril-0.24.8,solidity,2025/08/29,20260405_1725,1775410450.1788473,3.4482622146606445,0,,,Solc experienced a fatal error,
contracts/batch_04/obfuscated/batch04_contract_037_obf.sol,batch04_contract_037_obf.sol,mythril-0.24.8,solidity,2025/08/29,20260405_1725,1775410382.7362816,3.8567516803741455,0,,,Solc experienced a fatal error,
contracts/batch_04/obfuscated/batch04_contract_038_obf.sol,batch04_contract_038_obf.sol,mythril-0.24.8,solidity,2025/08/29,20260405_1725,1775410214.7737749,3.3307721614837646,0,,,Solc experienced a fatal error,
contracts/batch_04/obfuscated/batch04_contract_039_obf.sol,batch04_contract_039_obf.sol,mythril-0.24.8,solidity,2025/08/29,20260405_1725,1775410208.272656,3.2059431076049805,0,,,Solc experienced a fatal error,
contracts/batch_04/obfuscated/batch04_contract_041_obf.sol,batch04_contract_041_obf.sol,mythril-0.24.8,solidity,2025/08/29,20260405_1725,1775410363.3098183,3.0377817153930664,0,,,Solc experienced a fatal error,
contracts/batch_04/obfuscated/batch04_contract_042_obf.sol,batch04_contract_042_obf.sol,mythril-0.24.8,solidity,2025/08/29,20260405_1725,1775410102.8983397,3.0676026344299316,0,,,Solc experienced a fatal error,
contracts/batch_04/obfuscated/batch04_contract_043_obf.sol,batch04_contract_043_obf.sol,mythril-0.24.8,solidity,2025/08/29,20260405_1725,1775410237.22655,4.409526109695435,0,,,Solc experienced a fatal error,
contracts/batch_04/obfuscated/batch04_contract_044_obf.sol,batch04_contract_044_obf.sol,mythril-0.24.8,solidity,2025/08/29,20260405_1725,1775410402.761148,3.7306277751922607,0,,,Solc experienced a fatal error,
contracts/batch_04/obfuscated/batch04_contract_045_obf.sol,batch04_contract_045_obf.sol,mythril-0.24.8,solidity,2025/08/29,20260405_1725,1775410366.3480327,2.5230298042297363,0,,,Solc experienced a fatal error,
contracts/batch_04/obfuscated/batch04_contract_046_obf.sol,batch04_contract_046_obf.sol,mythril-0.24.8,solidity,2025/08/29,20260405_1725,1775410398.7856152,3.975005865097046,0,,,Solc experienced a fatal error,
contracts/batch_04/obfuscated/batch04_contract_049_obf.sol,batch04_contract_049_obf.sol,mythril-0.24.8,solidity,2025/08/29,20260405_1725,1775409982.786527,2.34435772895813,0,,,Solc experienced a fatal error,
contracts/batch_04/obfuscated/batch04_contract_050_obf.sol,batch04_contract_050_obf.sol,mythril-0.24.8,solidity,2025/08/29,20260405_1725,1775410004.6982315,2.8911705017089844,0,,,Solc experienced a fatal error,
contracts/batch_04/obfuscated/batch04_contract_051_obf.sol,batch04_contract_051_obf.sol,mythril-0.24.8,solidity,2025/08/29,20260405_1725,1775410337.2894256,2.977043390274048,0,,,Solc experienced a fatal error,
contracts/batch_04/obfuscated/batch04_contract_052_obf.sol,batch04_contract_052_obf.sol,mythril-0.24.8,solidity,2025/08/29,20260405_1725,1775410352.0496907,3.0222084522247314,0,,,Solc experienced a fatal error,
contracts/batch_04/obfuscated/batch04_contract_053_obf.sol,batch04_contract_053_obf.sol,mythril-0.24.8,solidity,2025/08/29,20260405_1725,1775410227.3315754,3.3463480472564697,0,,,Solc experienced a fatal error,
contracts/batch_04/obfuscated/batch04_contract_054_obf.sol,batch04_contract_054_obf.sol,mythril-0.24.8,solidity,2025/08/29,20260405_1725,1775410413.3143468,3.9127626419067383,0,,,"""Traceback (most recent call last):
  File """"/usr/local/lib/python3""",
contracts/batch_04/obfuscated/batch04_contract_055_obf.sol,batch04_contract_055_obf.sol,mythril-0.24.8,solidity,2025/08/29,20260405_1725,1775410331.315798,2.962853193283081,0,,,Solc experienced a fatal error,
contracts/batch_04/obfuscated/batch04_contract_058_obf.sol,batch04_contract_058_obf.sol,mythril-0.24.8,solidity,2025/08/29,20260405_1725,1775410340.2669835,3.035574197769165,0,,,Solc experienced a fatal error,
contracts/batch_04/obfuscated/batch04_contract_059_obf.sol,batch04_contract_059_obf.sol,mythril-0.24.8,solidity,2025/08/29,20260405_1725,1775410429.8203206,2.6900811195373535,0,,,Solc experienced a fatal error,
contracts/batch_04/obfuscated/batch04_contract_060_obf.sol,batch04_contract_060_obf.sol,mythril-0.24.8,solidity,2025/08/29,20260405_1725,1775410002.2247448,2.472940683364868,0,,,Solc experienced a fatal error,
contracts/batch_04/obfuscated/batch04_contract_061_obf.sol,batch04_contract_061_obf.sol,mythril-0.24.8,solidity,2025/08/29,20260405_1725,1775410406.4922328,4.019908666610718,0,,,Solc experienced a fatal error,
contracts/batch_04/obfuscated/batch04_contract_062_obf.sol,batch04_contract_062_obf.sol,mythril-0.24.8,solidity,2025/08/29,20260405_1725,1775410133.9500873,2.9288830757141113,0,,,Solc experienced a fatal error,
contracts/batch_04/obfuscated/batch04_contract_064_obf.sol,batch04_contract_064_obf.sol,mythril-0.24.8,solidity,2025/08/29,20260405_1725,1775410346.341199,2.513552665710449,0,,,Solc experienced a fatal error,
contracts/batch_04/obfuscated/batch04_contract_065_obf.sol,batch04_contract_065_obf.sol,mythril-0.24.8,solidity,2025/08/29,20260405_1725,1775410394.9667988,3.818321704864502,0,,,Solc experienced a fatal error,
contracts/batch_04/obfuscated/batch04_contract_066_obf.sol,batch04_contract_066_obf.sol,mythril-0.24.8,solidity,2025/08/29,20260405_1725,1775410180.163894,3.0397822856903076,0,,,Solc experienced a fatal error,
contracts/batch_04/obfuscated/batch04_contract_068_obf.sol,batch04_contract_068_obf.sol,mythril-0.24.8,solidity,2025/08/29,20260405_1725,1775410198.2992654,3.381631851196289,0,,,Solc experienced a fatal error,
contracts/batch_04/obfuscated/batch04_contract_069_obf.sol,batch04_contract_069_obf.sol,mythril-0.24.8,solidity,2025/08/29,20260405_1725,1775410260.2807636,2.9800543785095215,0,,,Solc experienced a fatal error,
contracts/batch_04/obfuscated/batch04_contract_070_obf.sol,batch04_contract_070_obf.sol,mythril-0.24.8,solidity,2025/08/29,20260405_1725,1775410272.4103243,2.8945088386535645,0,,,Solc experienced a fatal error,
contracts/batch_04/obfuscated/batch04_contract_071_obf.sol,batch04_contract_071_obf.sol,mythril-0.24.8,solidity,2025/08/29,20260405_1725,1775409963.3594513,3.2736330032348633,0,,,Solc experienced a fatal error,
contracts/batch_04/obfuscated/batch04_contract_073_obf.sol,batch04_contract_073_obf.sol,mythril-0.24.8,solidity,2025/08/29,20260405_1725,1775410023.298067,2.5240256786346436,0,,,Solc experienced a fatal error,
contracts/batch_04/obfuscated/batch04_contract_074_obf.sol,batch04_contract_074_obf.sol,mythril-0.24.8,solidity,2025/08/29,20260405_1725,1775410343.303108,3.0377092361450195,0,,,Solc experienced a fatal error,
contracts/batch_04/obfuscated/batch04_contract_075_obf.sol,batch04_contract_075_obf.sol,mythril-0.24.8,solidity,2025/08/29,20260405_1725,1775410081.5122387,3.0889508724212646,0,,,Solc experienced a fatal error,
contracts/batch_04/obfuscated/batch04_contract_076_obf.sol,batch04_contract_076_obf.sol,mythril-0.24.8,solidity,2025/08/29,20260405_1725,1775410446.5512607,3.6272406578063965,0,,,Solc experienced a fatal error,
contracts/batch_04/obfuscated/batch04_contract_078_obf.sol,batch04_contract_078_obf.sol,mythril-0.24.8,solidity,2025/08/29,20260405_1725,1775410025.8225486,3.298929214477539,0,,,Solc experienced a fatal error,
contracts/batch_04/obfuscated/batch04_contract_082_obf.sol,batch04_contract_082_obf.sol,mythril-0.24.8,solidity,2025/08/29,20260405_1725,1775410316.2793143,3.069704532623291,0,,,Solc experienced a fatal error,
contracts/batch_04/obfuscated/batch04_contract_083_obf.sol,batch04_contract_083_obf.sol,mythril-0.24.8,solidity,2025/08/29,20260405_1725,1775410191.6530566,3.430751085281372,0,,,Solc experienced a fatal error,
contracts/batch_04/obfuscated/batch04_contract_085_obf.sol,batch04_contract_085_obf.sol,mythril-0.24.8,solidity,2025/08/29,20260405_1725,1775409966.633602,2.9998443126678467,0,,,Solc experienced a fatal error,
contracts/batch_04/obfuscated/batch04_contract_086_obf.sol,batch04_contract_086_obf.sol,mythril-0.24.8,solidity,2025/08/29,20260405_1725,1775410378.4649668,4.270815134048462,0,,,Solc experienced a fatal error,
contracts/batch_04/obfuscated/batch04_contract_087_obf.sol,batch04_contract_087_obf.sol,mythril-0.24.8,solidity,2025/08/29,20260405_1725,1775410070.017453,3.1707375049591064,0,,,Solc experienced a fatal error,
contracts/batch_04/obfuscated/batch04_contract_088_obf.sol,batch04_contract_088_obf.sol,mythril-0.24.8,solidity,2025/08/29,20260405_1725,1775410078.6439514,2.8677029609680176,0,,,Solc experienced a fatal error,
contracts/batch_04/obfuscated/batch04_contract_089_obf.sol,batch04_contract_089_obf.sol,mythril-0.24.8,solidity,2025/08/29,20260405_1725,1775409979.4472709,3.338791608810425,0,,,Solc experienced a fatal error,
contracts/batch_04/obfuscated/batch04_contract_090_obf.sol,batch04_contract_090_obf.sol,mythril-0.24.8,solidity,2025/08/29,20260405_1725,1775410014.7489262,3.9179129600524902,0,,,Solc experienced a fatal error,
contracts/batch_04/obfuscated/batch04_contract_091_obf.sol,batch04_contract_091_obf.sol,mythril-0.24.8,solidity,2025/08/29,20260405_1725,1775410183.2041373,2.4196417331695557,0,,,Solc experienced a fatal error,
contracts/batch_04/obfuscated/batch04_contract_094_obf.sol,batch04_contract_094_obf.sol,mythril-0.24.8,solidity,2025/08/29,20260405_1725,1775410424.8631258,4.956782102584839,0,,,Solc experienced a fatal error,
contracts/batch_04/obfuscated/batch04_contract_095_obf.sol,batch04_contract_095_obf.sol,mythril-0.24.8,solidity,2025/08/29,20260405_1725,1775410177.1862013,2.977306604385376,0,,,Solc experienced a fatal error,
contracts/batch_04/obfuscated/batch04_contract_098_obf.sol,batch04_contract_098_obf.sol,mythril-0.24.8,solidity,2025/08/29,20260405_1725,1775410294.0912306,2.91652512550354,0,,,Solc experienced a fatal error,
contracts/batch_04/obfuscated/batch04_contract_099_obf.sol,batch04_contract_099_obf.sol,mythril-0.24.8,solidity,2025/08/29,20260405_1725,1775410313.7580369,2.5209271907806396,0,,,Solc experienced a fatal error,
contracts/batch_04/obfuscated/batch04_contract_100_obf.sol,batch04_contract_100_obf.sol,mythril-0.24.8,solidity,2025/08/29,20260405_1725,1775410211.4792252,3.2939460277557373,0,,,Solc experienced a fatal error,
contracts/batch_04/obfuscated/batch04_contract_101_obf.sol,batch04_contract_101_obf.sol,mythril-0.24.8,solidity,2025/08/29,20260405_1725,1775410185.624202,3.0151469707489014,0,,,Solc experienced a fatal error,
contracts/batch_04/obfuscated/batch04_contract_102_obf.sol,batch04_contract_102_obf.sol,mythril-0.24.8,solidity,2025/08/29,20260405_1725,1775410073.1887424,2.5458290576934814,0,,,Solc experienced a fatal error,
contracts/batch_04/obfuscated/batch04_contract_103_obf.sol,batch04_contract_103_obf.sol,mythril-0.24.8,solidity,2025/08/29,20260405_1725,1775410109.0162878,3.067561388015747,0,,,Solc experienced a fatal error,
contracts/batch_04/obfuscated/batch04_contract_104_obf.sol,batch04_contract_104_obf.sol,mythril-0.24.8,solidity,2025/08/29,20260405_1725,1775409996.7107606,2.5136263370513916,0,,,Solc experienced a fatal error,
contracts/batch_04/obfuscated/batch04_contract_106_obf.sol,batch04_contract_106_obf.sol,mythril-0.24.8,solidity,2025/08/29,20260405_1725,1775410036.1208324,4.382868051528931,0,,,Solc experienced a fatal error,
contracts/batch_04/obfuscated/batch04_contract_107_obf.sol,batch04_contract_107_obf.sol,mythril-0.24.8,solidity,2025/08/29,20260405_1725,1775410114.6699955,3.123199701309204,0,,,Solc experienced a fatal error,
contracts/batch_04/obfuscated/batch04_contract_108_obf.sol,batch04_contract_108_obf.sol,mythril-0.24.8,solidity,2025/08/29,20260405_1725,1775410201.6814551,3.3616158962249756,0,,,Solc experienced a fatal error,
contracts/batch_04/obfuscated/batch04_contract_109_obf.sol,batch04_contract_109_obf.sol,mythril-0.24.8,solidity,2025/08/29,20260405_1725,1775410348.8552196,3.1939446926116943,0,,,Solc experienced a fatal error,
contracts/batch_04/obfuscated/batch04_contract_110_obf.sol,batch04_contract_110_obf.sol,mythril-0.24.8,solidity,2025/08/29,20260405_1725,1775410142.63332,2.970817804336548,0,,,Solc experienced a fatal error,
contracts/batch_04/obfuscated/batch04_contract_111_obf.sol,batch04_contract_111_obf.sol,mythril-0.24.8,solidity,2025/08/29,20260405_1725,1775410254.1870832,3.012369394302368,0,,,Solc experienced a fatal error,
contracts/batch_04/obfuscated/batch04_contract_113_obf.sol,batch04_contract_113_obf.sol,mythril-0.24.8,solidity,2025/08/29,20260405_1725,1775410105.96633,3.0494699478149414,0,,,Solc experienced a fatal error,
contracts/batch_04/obfuscated/batch04_contract_114_obf.sol,batch04_contract_114_obf.sol,mythril-0.24.8,solidity,2025/08/29,20260405_1725,1775410268.8554144,3.5544004440307617,0,,,Solc experienced a fatal error,
contracts/batch_04/obfuscated/batch04_contract_115_obf.sol,batch04_contract_115_obf.sol,mythril-0.24.8,solidity,2025/08/29,20260405_1725,1775410090.750553,2.896833658218384,0,,,Solc experienced a fatal error,
contracts/batch_04/obfuscated/batch04_contract_117_obf.sol,batch04_contract_117_obf.sol,mythril-0.24.8,solidity,2025/08/29,20260405_1725,1775410230.6783407,3.3067984580993652,0,,,Solc experienced a fatal error,
contracts/batch_04/obfuscated/batch04_contract_119_obf.sol,batch04_contract_119_obf.sol,mythril-0.24.8,solidity,2025/08/29,20260405_1725,1775410059.9884627,3.3936243057250977,0,,,Solc experienced a fatal error,
contracts/batch_04/obfuscated/batch04_contract_120_obf.sol,batch04_contract_120_obf.sol,mythril-0.24.8,solidity,2025/08/29,20260405_1725,1775410050.5633883,3.2673966884613037,0,,,Solc experienced a fatal error,
contracts/batch_04/obfuscated/batch04_contract_121_obf.sol,batch04_contract_121_obf.sol,mythril-0.24.8,solidity,2025/08/29,20260405_1725,1775410297.0081794,2.4679055213928223,0,,,Solc experienced a fatal error,
contracts/batch_04/obfuscated/batch04_contract_122_obf.sol,batch04_contract_122_obf.sol,mythril-0.24.8,solidity,2025/08/29,20260405_1725,1775410040.5040784,3.438800096511841,0,,,Solc experienced a fatal error,
contracts/batch_04/obfuscated/batch04_contract_124_obf.sol,batch04_contract_124_obf.sol,mythril-0.24.8,solidity,2025/08/29,20260405_1725,1775410410.5124938,2.801344394683838,0,,,Solc experienced a fatal error,
contracts/batch_04/obfuscated/batch04_contract_125_obf.sol,batch04_contract_125_obf.sol,mythril-0.24.8,solidity,2025/08/29,20260405_1725,1775409969.6340463,2.8892641067504883,0,,,Solc experienced a fatal error,
contracts/batch_04/obfuscated/batch04_contract_126_obf.sol,batch04_contract_126_obf.sol,mythril-0.24.8,solidity,2025/08/29,20260405_1725,1775410244.9686964,3.2939014434814453,0,,,Solc experienced a fatal error,
contracts/batch_04/obfuscated/batch04_contract_127_obf.sol,batch04_contract_127_obf.sol,mythril-0.24.8,solidity,2025/08/29,20260405_1725,1775410153.0715187,3.1532251834869385,0,,,Solc experienced a fatal error,
contracts/batch_04/obfuscated/batch04_contract_128_obf.sol,batch04_contract_128_obf.sol,mythril-0.24.8,solidity,2025/08/29,20260405_1725,1775410257.1998377,3.080421209335327,0,,,Solc experienced a fatal error,
contracts/batch_04/obfuscated/batch04_contract_129_obf.sol,batch04_contract_129_obf.sol,mythril-0.24.8,solidity,2025/08/29,20260405_1725,1775410224.075915,3.2550318241119385,0,,,Solc experienced a fatal error,
contracts/batch_04/obfuscated/batch04_contract_130_obf.sol,batch04_contract_130_obf.sol,mythril-0.24.8,solidity,2025/08/29,20260405_1725,1775410233.98567,3.2385928630828857,0,,,Solc experienced a fatal error,
contracts/batch_04/obfuscated/batch04_contract_131_obf.sol,batch04_contract_131_obf.sol,mythril-0.24.8,solidity,2025/08/29,20260405_1725,1775410007.5898936,2.8467910289764404,0,,,Solc experienced a fatal error,
contracts/batch_04/obfuscated/batch04_contract_134_obf.sol,batch04_contract_134_obf.sol,mythril-0.24.8,solidity,2025/08/29,20260405_1725,1775410307.7155876,3.0424792766571045,0,,,Solc experienced a fatal error,
contracts/batch_04/obfuscated/batch04_contract_137_obf.sol,batch04_contract_137_obf.sol,mythril-0.24.8,solidity,2025/08/29,20260405_1725,1775409956.3927908,2.9561920166015625,0,,,Solc experienced a fatal error,
contracts/batch_04/obfuscated/batch04_contract_138_obf.sol,batch04_contract_138_obf.sol,mythril-0.24.8,solidity,2025/08/29,20260405_1725,1775410124.2791495,2.9969472885131836,0,,,Solc experienced a fatal error,
contracts/batch_04/obfuscated/batch04_contract_139_obf.sol,batch04_contract_139_obf.sol,mythril-0.24.8,solidity,2025/08/29,20260405_1725,1775410263.2612052,2.9471397399902344,0,,,Solc experienced a fatal error,
contracts/batch_04/obfuscated/batch04_contract_140_obf.sol,batch04_contract_140_obf.sol,mythril-0.24.8,solidity,2025/08/29,20260405_1725,1775410010.437216,4.3112473487854,0,,,Solc experienced a fatal error,
contracts/batch_04/obfuscated/batch04_contract_142_obf.sol,batch04_contract_142_obf.sol,mythril-0.24.8,solidity,2025/08/29,20260405_1725,1775410139.8653424,2.7676279544830322,0,,,Solc experienced a fatal error,
contracts/batch_04/obfuscated/batch04_contract_143_obf.sol,batch04_contract_143_obf.sol,mythril-0.24.8,solidity,2025/08/29,20260405_1725,1775410117.7936175,3.0285139083862305,0,,,Solc experienced a fatal error,
contracts/batch_04/obfuscated/batch04_contract_144_obf.sol,batch04_contract_144_obf.sol,mythril-0.24.8,solidity,2025/08/29,20260405_1725,1775410374.7296584,3.7349140644073486,0,,,Solc experienced a fatal error,
contracts/batch_04/obfuscated/batch04_contract_145_obf.sol,batch04_contract_145_obf.sol,mythril-0.24.8,solidity,2025/08/29,20260405_1725,1775409972.5239062,4.018611431121826,0,,,"""Traceback (most recent call last):
  File """"/usr/local/lib/python3""",
contracts/batch_04/obfuscated/batch04_contract_146_obf.sol,batch04_contract_146_obf.sol,mythril-0.24.8,solidity,2025/08/29,20260405_1725,1775410390.4899573,4.476506471633911,0,,,Solc experienced a fatal error,
contracts/batch_04/obfuscated/batch04_contract_147_obf.sol,batch04_contract_147_obf.sol,mythril-0.24.8,solidity,2025/08/29,20260405_1725,1775410325.3796659,2.991107940673828,0,,,Solc experienced a fatal error,
contracts/batch_04/obfuscated/batch04_contract_148_obf.sol,batch04_contract_148_obf.sol,mythril-0.24.8,solidity,2025/08/29,20260405_1725,1775410310.7585251,2.9990882873535156,0,,,Solc experienced a fatal error,
contracts/batch_04/obfuscated/batch04_contract_149_obf.sol,batch04_contract_149_obf.sol,mythril-0.24.8,solidity,2025/08/29,20260405_1725,1775410130.8614874,3.0882110595703125,0,,,Solc experienced a fatal error,
contracts/batch_04/obfuscated/batch04_contract_153_obf.sol,batch04_contract_153_obf.sol,mythril-0.24.8,solidity,2025/08/29,20260405_1725,1775410284.3625548,2.4206273555755615,0,,,Solc experienced a fatal error,
contracts/batch_04/obfuscated/batch04_contract_154_obf.sol,batch04_contract_154_obf.sol,mythril-0.24.8,solidity,2025/08/29,20260405_1725,1775410029.1219404,3.3390274047851562,0,,,Solc experienced a fatal error,
contracts/batch_04/obfuscated/batch04_contract_155_obf.sol,batch04_contract_155_obf.sol,mythril-0.24.8,solidity,2025/08/29,20260405_1725,1775410322.4195287,2.9596941471099854,0,,,Solc experienced a fatal error,
contracts/batch_04/obfuscated/batch04_contract_156_obf.sol,batch04_contract_156_obf.sol,mythril-0.24.8,solidity,2025/08/29,20260405_1725,1775410357.4540772,3.03493595123291,0,,,Solc experienced a fatal error,
contracts/batch_04/obfuscated/batch04_contract_157_obf.sol,batch04_contract_157_obf.sol,mythril-0.24.8,solidity,2025/08/29,20260405_1725,1775410220.6499681,3.4253711700439453,0,,,Solc experienced a fatal error,
contracts/batch_04/obfuscated/batch04_contract_158_obf.sol,batch04_contract_158_obf.sol,mythril-0.24.8,solidity,2025/08/29,20260405_1725,1775409985.131331,2.8664791584014893,0,,,Solc experienced a fatal error,
contracts/batch_04/obfuscated/batch04_contract_160_obf.sol,batch04_contract_160_obf.sol,mythril-0.24.8,solidity,2025/08/29,20260405_1725,1775410275.3052716,2.9922003746032715,0,,,Solc experienced a fatal error,
contracts/batch_04/obfuscated/batch04_contract_161_obf.sol,batch04_contract_161_obf.sol,mythril-0.24.8,solidity,2025/08/29,20260405_1725,1775410165.0766876,3.1528468132019043,0,,,Solc experienced a fatal error,
contracts/batch_04/obfuscated/batch04_contract_162_obf.sol,batch04_contract_162_obf.sol,mythril-0.24.8,solidity,2025/08/29,20260405_1725,1775410159.2292016,3.000697374343872,0,,,Solc experienced a fatal error,
contracts/batch_04/obfuscated/batch04_contract_163_obf.sol,batch04_contract_163_obf.sol,mythril-0.24.8,solidity,2025/08/29,20260405_1725,1775410120.8226225,3.456097364425659,0,,,Solc experienced a fatal error,
contracts/batch_04/obfuscated/batch04_contract_164_obf.sol,batch04_contract_164_obf.sol,mythril-0.24.8,solidity,2025/08/29,20260405_1725,1775410286.7837183,4.320000886917114,0,,,Solc experienced a fatal error,
contracts/batch_04/obfuscated/batch04_contract_166_obf.sol,batch04_contract_166_obf.sol,mythril-0.24.8,solidity,2025/08/29,20260405_1725,1775410018.6673462,4.630309343338013,0,,,Solc experienced a fatal error,
contracts/batch_04/obfuscated/batch04_contract_167_obf.sol,batch04_contract_167_obf.sol,mythril-0.24.8,solidity,2025/08/29,20260405_1725,1775409987.9983194,2.874486207962036,0,,,Solc experienced a fatal error,
contracts/batch_04/obfuscated/batch04_contract_168_obf.sol,batch04_contract_168_obf.sol,mythril-0.24.8,solidity,2025/08/29,20260405_1725,1775410032.461501,3.658839702606201,0,,,Solc experienced a fatal error,
contracts/batch_04/obfuscated/batch04_contract_169_obf.sol,batch04_contract_169_obf.sol,mythril-0.24.8,solidity,2025/08/29,20260405_1725,1775410432.5109308,4.047346115112305,0,,,Solc experienced a fatal error,
contracts/batch_04/obfuscated/batch04_contract_170_obf.sol,batch04_contract_170_obf.sol,mythril-0.24.8,solidity,2025/08/29,20260405_1725,1775410334.2790334,3.0100135803222656,0,,,Solc experienced a fatal error,
contracts/batch_04/obfuscated/batch04_contract_171_obf.sol,batch04_contract_171_obf.sol,mythril-0.24.8,solidity,2025/08/29,20260405_1725,1775409952.3280175,4.064240455627441,0,,,Solc experienced a fatal error,
contracts/batch_04/obfuscated/batch04_contract_172_obf.sol,batch04_contract_172_obf.sol,mythril-0.24.8,solidity,2025/08/29,20260405_1725,1775410047.065299,3.4975593090057373,0,,,Solc experienced a fatal error,
contracts/batch_04/obfuscated/batch04_contract_173_obf.sol,batch04_contract_173_obf.sol,mythril-0.24.8,solidity,2025/08/29,20260405_1725,1775410156.2252345,3.0034637451171875,0,,,Solc experienced a fatal error,
contracts/batch_04/obfuscated/batch04_contract_175_obf.sol,batch04_contract_175_obf.sol,mythril-0.24.8,solidity,2025/08/29,20260405_1725,1775410417.227814,3.821460723876953,0,,,Solc experienced a fatal error,
contracts/batch_04/obfuscated/batch04_contract_176_obf.sol,batch04_contract_176_obf.sol,mythril-0.24.8,solidity,2025/08/29,20260405_1725,1775410188.639761,3.0127861499786377,0,,,Solc experienced a fatal error,
contracts/batch_04/obfuscated/batch04_contract_177_obf.sol,batch04_contract_177_obf.sol,mythril-0.24.8,solidity,2025/08/29,20260405_1725,1775410421.0497997,3.812753677368164,0,,,Solc experienced a fatal error,
contracts/batch_04/obfuscated/batch04_contract_178_obf.sol,batch04_contract_178_obf.sol,mythril-0.24.8,solidity,2025/08/29,20260405_1725,1775410371.7959309,2.9333655834198,0,,,Solc experienced a fatal error,
contracts/batch_04/obfuscated/batch04_contract_180_obf.sol,batch04_contract_180_obf.sol,mythril-0.24.8,solidity,2025/08/29,20260405_1725,1775410145.6045902,4.105952978134155,0,,,Solc experienced a fatal error,
contracts/batch_04/obfuscated/batch04_contract_181_obf.sol,batch04_contract_181_obf.sol,mythril-0.24.8,solidity,2025/08/29,20260405_1725,1775410171.2674568,2.986588478088379,0,,,Solc experienced a fatal error,
contracts/batch_04/obfuscated/batch04_contract_182_obf.sol,batch04_contract_182_obf.sol,mythril-0.24.8,solidity,2025/08/29,20260405_1725,1775410241.6365173,3.3316519260406494,0,,,Solc experienced a fatal error,
contracts/batch_04/obfuscated/batch04_contract_183_obf.sol,batch04_contract_183_obf.sol,mythril-0.24.8,solidity,2025/08/29,20260405_1725,1775410436.55887,3.1468281745910645,0,,,Solc experienced a fatal error,
contracts/batch_04/obfuscated/batch04_contract_184_obf.sol,batch04_contract_184_obf.sol,mythril-0.24.8,solidity,2025/08/29,20260405_1725,1775410075.7350383,2.9085214138031006,0,,,Solc experienced a fatal error,
contracts/batch_04/obfuscated/batch04_contract_185_obf.sol,batch04_contract_185_obf.sol,mythril-0.24.8,solidity,2025/08/29,20260405_1725,1775410386.5935833,3.895836114883423,0,,,Solc experienced a fatal error,
contracts/batch_04/obfuscated/batch04_contract_186_obf.sol,batch04_contract_186_obf.sol,mythril-0.24.8,solidity,2025/08/29,20260405_1725,1775410250.8694592,3.3171021938323975,0,,,Solc experienced a fatal error,
contracts/batch_04/obfuscated/batch04_contract_187_obf.sol,batch04_contract_187_obf.sol,mythril-0.24.8,solidity,2025/08/29,20260405_1725,1775410291.1040735,2.9866104125976562,0,,,Solc experienced a fatal error,
contracts/batch_04/obfuscated/batch04_contract_188_obf.sol,batch04_contract_188_obf.sol,mythril-0.24.8,solidity,2025/08/29,20260405_1725,1775410360.4894156,2.819920063018799,0,,,Solc experienced a fatal error,
contracts/batch_04/obfuscated/batch04_contract_189_obf.sol,batch04_contract_189_obf.sol,mythril-0.24.8,solidity,2025/08/29,20260405_1725,1775410063.382659,3.2951905727386475,0,,,Solc experienced a fatal error,
contracts/batch_04/obfuscated/batch04_contract_190_obf.sol,batch04_contract_190_obf.sol,mythril-0.24.8,solidity,2025/08/29,20260405_1725,1775410099.777218,3.1207356452941895,0,,,Solc experienced a fatal error,
contracts/batch_04/obfuscated/batch04_contract_191_obf.sol,batch04_contract_191_obf.sol,mythril-0.24.8,solidity,2025/08/29,20260405_1725,1775410053.8312821,3.1184849739074707,0,,,Solc experienced a fatal error,
contracts/batch_04/obfuscated/batch04_contract_192_obf.sol,batch04_contract_192_obf.sol,mythril-0.24.8,solidity,2025/08/29,20260405_1725,1775410355.0723596,2.3810932636260986,0,,,Solc experienced a fatal error,
contracts/batch_04/obfuscated/batch04_contract_194_obf.sol,batch04_contract_194_obf.sol,mythril-0.24.8,solidity,2025/08/29,20260405_1725,1775409976.543009,2.9037132263183594,0,,,Solc experienced a fatal error,
contracts/batch_04/obfuscated/batch04_contract_195_obf.sol,batch04_contract_195_obf.sol,mythril-0.24.8,solidity,2025/08/29,20260405_1725,1775409959.3493602,4.0095813274383545,0,,,Solc experienced a fatal error,
contracts/batch_04/obfuscated/batch04_contract_197_obf.sol,batch04_contract_197_obf.sol,mythril-0.24.8,solidity,2025/08/29,20260405_1725,1775409993.8428135,2.867438793182373,0,,,Solc experienced a fatal error,
contracts/batch_04/obfuscated/batch04_contract_198_obf.sol,batch04_contract_198_obf.sol,mythril-0.24.8,solidity,2025/08/29,20260405_1725,1775410205.0434954,3.2288055419921875,0,,,Solc experienced a fatal error,
contracts/batch_04/obfuscated/batch04_contract_199_obf.sol,batch04_contract_199_obf.sol,mythril-0.24.8,solidity,2025/08/29,20260405_1725,1775410281.2780418,3.0841283798217773,0,,,Solc experienced a fatal error,
