filename,basename,toolid,toolmode,parser_version,runid,start,duration,exit_code,findings,infos,errors,fails
contracts/batch_04/original/batch04_contract_001.sol,batch04_contract_001.sol,slither-0.11.3,solidity,2025/09/14,20260328_2256,1774738697.95642,0.8515369892120361,255,"external_function,low_level_calls,missing_zero_check,naming_convention,reentrancy_events,reentrancy_no_eth,reentrancy_unlimited_gas,return_bomb,solc_version,timestamp,too_many_digits,uninitialized_local",,,
contracts/batch_04/original/batch04_contract_002.sol,batch04_contract_002.sol,slither-0.11.3,solidity,2025/09/14,20260328_2256,1774738685.1590247,0.7764861583709717,255,"dead_code,divide_before_multiply,events_maths,shadowing_local,solc_version,too_many_digits",,,
contracts/batch_04/original/batch04_contract_003.sol,batch04_contract_003.sol,slither-0.11.3,solidity,2025/09/14,20260328_2256,1774738691.3046153,0.7382080554962158,255,"naming_convention,reentrancy_unlimited_gas,solc_version,timestamp",,,
contracts/batch_04/original/batch04_contract_004.sol,batch04_contract_004.sol,slither-0.11.3,solidity,2025/09/14,20260328_2256,1774738700.3807256,1.135725736618042,255,"boolean_equal,divide_before_multiply,external_function,naming_convention,reentrancy_unlimited_gas,solc_version,too_many_digits,variable_scope",,,
contracts/batch_04/original/batch04_contract_005.sol,batch04_contract_005.sol,slither-0.11.3,solidity,2025/09/14,20260328_2256,1774738710.057866,0.8537440299987793,255,"boolean_equal,constable_states,incorrect_equality,locked_ether,reentrancy_benign,reentrancy_events,reentrancy_no_eth,reentrancy_unlimited_gas,solc_version,timestamp,unchecked_transfer,unimplemented_functions,unused_state",,,
contracts/batch_04/original/batch04_contract_006.sol,batch04_contract_006.sol,slither-0.11.3,solidity,2025/09/14,20260328_2256,1774738674.209423,0.7699589729309082,255,"constable_states,dead_code,erc20_interface,events_access,events_maths,external_function,missing_zero_check,naming_convention,solc_version,too_many_digits,uninitialized_state",,,
contracts/batch_04/original/batch04_contract_007.sol,batch04_contract_007.sol,slither-0.11.3,solidity,2025/09/14,20260328_2256,1774738637.2424173,0.8018872737884521,255,"divide_before_multiply,naming_convention,solc_version,timestamp",,,
contracts/batch_04/original/batch04_contract_008.sol,batch04_contract_008.sol,slither-0.11.3,solidity,2025/09/14,20260328_2256,1774738604.6400597,0.7478377819061279,255,"boolean_equal,events_access,events_maths,naming_convention,reentrancy_benign,reentrancy_events,reentrancy_no_eth,solc_version,unchecked_transfer",,,
contracts/batch_04/original/batch04_contract_009.sol,batch04_contract_009.sol,slither-0.11.3,solidity,2025/09/14,20260328_2256,1774738734.4165702,0.7755658626556396,255,"boolean_equal,erc20_interface,events_access,events_maths,external_function,missing_zero_check,naming_convention,solc_version",,,
contracts/batch_04/original/batch04_contract_010.sol,batch04_contract_010.sol,slither-0.11.3,solidity,2025/09/14,20260328_2256,1774738732.772212,0.950223445892334,255,"constable_states,controlled_array_length,dead_code,divide_before_multiply,naming_convention,reentrancy_unlimited_gas,solc_version,timestamp,too_many_digits,variable_scope",,,
contracts/batch_04/original/batch04_contract_011.sol,batch04_contract_011.sol,slither-0.11.3,solidity,2025/09/14,20260328_2256,1774738683.5988412,0.9108877182006836,255,"constable_states,controlled_array_length,dead_code,divide_before_multiply,naming_convention,reentrancy_unlimited_gas,solc_version,timestamp,too_many_digits,variable_scope",,,
contracts/batch_04/original/batch04_contract_012.sol,batch04_contract_012.sol,slither-0.11.3,solidity,2025/09/14,20260328_2256,1774738665.4115133,0.9635598659515381,255,"constable_states,deprecated_standards,events_maths,low_level_calls,missing_zero_check,naming_convention,reentrancy_benign,reentrancy_events,reentrancy_no_eth,shadowing_builtin,solc_version",,,
contracts/batch_04/original/batch04_contract_013.sol,batch04_contract_013.sol,slither-0.11.3,solidity,2025/09/14,20260328_2256,1774738651.8390946,0.8348541259765625,255,"divide_before_multiply,events_maths,incorrect_equality,missing_zero_check,naming_convention,reentrancy_unlimited_gas,shadowing_state,solc_version,tautology,too_many_digits",,,
contracts/batch_04/original/batch04_contract_014.sol,batch04_contract_014.sol,slither-0.11.3,solidity,2025/09/14,20260328_2256,1774738664.7198327,0.691225528717041,255,"missing_zero_check,reentrancy_unlimited_gas,solc_version",,,
contracts/batch_04/original/batch04_contract_015.sol,batch04_contract_015.sol,slither-0.11.3,solidity,2025/09/14,20260328_2256,1774738694.3417609,0.7371487617492676,255,"boolean_equal,constable_states,events_access,locked_ether,naming_convention,shadowing_state,solc_version,unused_state",,,
contracts/batch_04/original/batch04_contract_016.sol,batch04_contract_016.sol,slither-0.11.3,solidity,2025/09/14,20260328_2256,1774738682.157679,0.7176353931427002,255,"erc20_interface,incorrect_modifier,missing_zero_check,naming_convention,reentrancy_events,reentrancy_unlimited_gas,solc_version",,,
contracts/batch_04/original/batch04_contract_017.sol,batch04_contract_017.sol,slither-0.11.3,solidity,2025/09/14,20260328_2256,1774738627.6270533,0.716235876083374,255,"assembly,constable_states,missing_zero_check,naming_convention,reentrancy_events,reentrancy_unlimited_gas,solc_version,timestamp,unchecked_transfer,unimplemented_functions",,,
contracts/batch_04/original/batch04_contract_018.sol,batch04_contract_018.sol,slither-0.11.3,solidity,2025/09/14,20260328_2256,1774738735.9333687,0.770780086517334,255,"constable_states,dead_code,erc20_interface,events_access,external_function,missing_zero_check,naming_convention,solc_version,too_many_digits",,,
contracts/batch_04/original/batch04_contract_019.sol,batch04_contract_019.sol,slither-0.11.3,solidity,2025/09/14,20260328_2256,1774738717.5703683,0.7764108180999756,255,"arbitrary_send_eth,constable_states,dead_code,erc20_interface,events_access,external_function,missing_zero_check,naming_convention,solc_version,suicidal,too_many_digits,unchecked_send",,,
contracts/batch_04/original/batch04_contract_020.sol,batch04_contract_020.sol,slither-0.11.3,solidity,2025/09/14,20260328_2256,1774738675.7956398,0.739739179611206,255,"constable_states,external_function,missing_zero_check,naming_convention,solc_version,too_many_digits,unused_state",,,
contracts/batch_04/original/batch04_contract_021.sol,batch04_contract_021.sol,slither-0.11.3,solidity,2025/09/14,20260328_2256,1774738590.5799015,0.7268497943878174,255,"dead_code,events_access,events_maths,external_function,incorrect_equality,missing_zero_check,naming_convention,pragma,reentrancy_unlimited_gas,solc_version",,,
contracts/batch_04/original/batch04_contract_022.sol,batch04_contract_022.sol,slither-0.11.3,solidity,2025/09/14,20260328_2256,1774738600.196961,0.8055515289306641,255,"assembly,constable_states,constant_function_asm,events_maths,incorrect_equality,locked_ether,naming_convention,reentrancy_benign,reentrancy_no_eth,solc_version,timestamp,unchecked_transfer",,,
contracts/batch_04/original/batch04_contract_023.sol,batch04_contract_023.sol,slither-0.11.3,solidity,2025/09/14,20260328_2256,1774738722.1173599,0.9532444477081299,255,"constable_states,deprecated_standards,events_maths,low_level_calls,missing_zero_check,naming_convention,reentrancy_benign,reentrancy_events,reentrancy_no_eth,shadowing_builtin,solc_version",,,
contracts/batch_04/original/batch04_contract_024.sol,batch04_contract_024.sol,slither-0.11.3,solidity,2025/09/14,20260328_2256,1774738673.4325256,0.7764089107513428,255,"constable_states,incorrect_equality,naming_convention,solc_version,timestamp",,,
contracts/batch_04/original/batch04_contract_025.sol,batch04_contract_025.sol,slither-0.11.3,solidity,2025/09/14,20260328_2256,1774738593.5558786,0.7072362899780273,255,"constable_states,erc20_interface,external_function,naming_convention,reentrancy_unlimited_gas,solc_version,tautology,too_many_digits,uninitialized_local,uninitialized_state,variable_scope",,,
contracts/batch_04/original/batch04_contract_026.sol,batch04_contract_026.sol,slither-0.11.3,solidity,2025/09/14,20260328_2256,1774738652.6746364,0.8062152862548828,255,"divide_before_multiply,events_maths,external_function,missing_zero_check,naming_convention,solc_version",,,
contracts/batch_04/original/batch04_contract_027.sol,batch04_contract_027.sol,slither-0.11.3,solidity,2025/09/14,20260328_2256,1774738648.009684,0.792553186416626,255,"boolean_equal,constable_states,divide_before_multiply,events_access,function_init_state,naming_convention,shadowing_abstract,solc_version,too_many_digits",,,
contracts/batch_04/original/batch04_contract_028.sol,batch04_contract_028.sol,slither-0.11.3,solidity,2025/09/14,20260328_2256,1774738669.5670743,1.6524529457092285,255,"boolean_equal,constable_states,divide_before_multiply,low_level_calls,naming_convention,reentrancy_events,reentrancy_unlimited_gas,solc_version,timestamp",,,
contracts/batch_04/original/batch04_contract_029.sol,batch04_contract_029.sol,slither-0.11.3,solidity,2025/09/14,20260328_2256,1774738699.6189706,0.7610058784484863,255,"divide_before_multiply,missing_zero_check,naming_convention,reentrancy_unlimited_gas,solc_version,too_many_digits",,,
contracts/batch_04/original/batch04_contract_030.sol,batch04_contract_030.sol,slither-0.11.3,solidity,2025/09/14,20260328_2256,1774738635.4277232,1.0888054370880127,255,"dead_code,events_maths,external_function,missing_zero_check,naming_convention,reentrancy_benign,reentrancy_events,reentrancy_unlimited_gas,solc_version,too_many_digits",,,
contracts/batch_04/original/batch04_contract_031.sol,batch04_contract_031.sol,slither-0.11.3,solidity,2025/09/14,20260328_2256,1774738707.9368453,0.6945164203643799,255,"missing_zero_check,solc_version",,,
contracts/batch_04/original/batch04_contract_032.sol,batch04_contract_032.sol,slither-0.11.3,solidity,2025/09/14,20260328_2256,1774738601.003166,0.7715437412261963,255,"constable_states,dead_code,erc20_interface,naming_convention,solc_version,too_many_digits",,,
contracts/batch_04/original/batch04_contract_033.sol,batch04_contract_033.sol,slither-0.11.3,solidity,2025/09/14,20260328_2256,1774738606.0712397,2.979477882385254,255,"boolean_equal,constable_states,dead_code,events_maths,incorrect_equality,locked_ether,naming_convention,solc_version,timestamp,too_many_digits,unchecked_transfer,variable_scope",,,
contracts/batch_04/original/batch04_contract_034.sol,batch04_contract_034.sol,slither-0.11.3,solidity,2025/09/14,20260328_2256,1774738599.42632,0.7699882984161377,255,"constable_states,deprecated_standards,erc20_interface,events_access,events_maths,external_function,missing_zero_check,naming_convention,reentrancy_unlimited_gas,solc_version",,,
contracts/batch_04/original/batch04_contract_035.sol,batch04_contract_035.sol,slither-0.11.3,solidity,2025/09/14,20260328_2256,1774738597.8445609,0.8652360439300537,255,"controlled_array_length,external_function,missing_zero_check,naming_convention,shadowing_local,solc_version,tautology",,,
contracts/batch_04/original/batch04_contract_036.sol,batch04_contract_036.sol,slither-0.11.3,solidity,2025/09/14,20260328_2256,1774738681.3842402,0.7728753089904785,255,"constable_states,dead_code,divide_before_multiply,reentrancy_unlimited_gas,solc_version,timestamp",,,
contracts/batch_04/original/batch04_contract_037.sol,batch04_contract_037.sol,slither-0.11.3,solidity,2025/09/14,20260328_2256,1774738602.4890258,0.6935925483703613,255,"divide_before_multiply,erc20_interface,incorrect_modifier,missing_zero_check,naming_convention,solc_version,too_many_digits,unchecked_send",,,
contracts/batch_04/original/batch04_contract_038.sol,batch04_contract_038.sol,slither-0.11.3,solidity,2025/09/14,20260328_2256,1774738632.300702,0.8269040584564209,255,"arbitrary_send_erc20,arbitrary_send_eth,dead_code,events_access,missing_zero_check,naming_convention,reentrancy_benign,solc_version,timestamp,too_many_digits",,,
contracts/batch_04/original/batch04_contract_039.sol,batch04_contract_039.sol,slither-0.11.3,solidity,2025/09/14,20260328_2256,1774738713.8314517,0.7790751457214355,255,"constable_states,naming_convention,reentrancy_unlimited_gas,solc_version,too_many_digits",,,
contracts/batch_04/original/batch04_contract_041.sol,batch04_contract_041.sol,slither-0.11.3,solidity,2025/09/14,20260328_2256,1774738625.122462,0.7952549457550049,255,"constable_states,divide_before_multiply,erc20_interface,events_access,external_function,missing_zero_check,naming_convention,reentrancy_unlimited_gas,solc_version,too_many_digits,unused_state",,,
contracts/batch_04/original/batch04_contract_042.sol,batch04_contract_042.sol,slither-0.11.3,solidity,2025/09/14,20260328_2256,1774738680.5971386,0.7866148948669434,255,"constable_states,deprecated_standards,events_maths,external_function,low_level_calls,naming_convention,solc_version,unchecked_transfer",,,
contracts/batch_04/original/batch04_contract_043.sol,batch04_contract_043.sol,slither-0.11.3,solidity,2025/09/14,20260328_2256,1774738662.4358768,0.7442927360534668,255,"constable_states,deprecated_standards,external_function,locked_ether,low_level_calls,naming_convention,solc_version",,,
contracts/batch_04/original/batch04_contract_044.sol,batch04_contract_044.sol,slither-0.11.3,solidity,2025/09/14,20260328_2256,1774738639.4566538,0.8620879650115967,255,"events_maths,external_function,low_level_calls,missing_zero_check,reentrancy_benign,reentrancy_events,solc_version,too_many_digits",,,
contracts/batch_04/original/batch04_contract_045.sol,batch04_contract_045.sol,slither-0.11.3,solidity,2025/09/14,20260328_2256,1774738672.7094889,0.7225704193115234,255,"constable_states,deprecated_standards,naming_convention,shadowing_local,solc_version",,,
contracts/batch_04/original/batch04_contract_046.sol,batch04_contract_046.sol,slither-0.11.3,solidity,2025/09/14,20260328_2256,1774738587.5266106,0.7350993156433105,255,"dead_code,events_access,naming_convention,reentrancy_unlimited_gas,solc_version,too_many_digits",,,
contracts/batch_04/original/batch04_contract_047.sol,batch04_contract_047.sol,slither-0.11.3,solidity,2025/09/14,20260328_2256,1774738663.9054358,0.8137176036834717,255,"naming_convention,solc_version,too_many_digits",,,
contracts/batch_04/original/batch04_contract_048.sol,batch04_contract_048.sol,slither-0.11.3,solidity,2025/09/14,20260328_2256,1774738719.7722256,0.7550647258758545,255,"assembly,constable_states,constant_function_asm,divide_before_multiply,reentrancy_unlimited_gas,solc_version,timestamp",,,
contracts/batch_04/original/batch04_contract_049.sol,batch04_contract_049.sol,slither-0.11.3,solidity,2025/09/14,20260328_2256,1774738605.388494,0.6823134422302246,255,"events_maths,solc_version,too_many_digits",,,
contracts/batch_04/original/batch04_contract_050.sol,batch04_contract_050.sol,slither-0.11.3,solidity,2025/09/14,20260328_2256,1774738692.0433352,0.8669960498809814,255,"events_maths,missing_zero_check,naming_convention,solc_version,timestamp,too_many_digits",,,
contracts/batch_04/original/batch04_contract_051.sol,batch04_contract_051.sol,slither-0.11.3,solidity,2025/09/14,20260328_2256,1774738730.2322652,1.0228264331817627,255,"arbitrary_send_erc20,constable_states,controlled_array_length,dead_code,external_function,locked_ether,missing_zero_check,naming_convention,reentrancy_benign,reentrancy_events,reentrancy_no_eth,solc_version,tautology,timestamp",,,
contracts/batch_04/original/batch04_contract_052.sol,batch04_contract_052.sol,slither-0.11.3,solidity,2025/09/14,20260328_2256,1774738695.7878928,0.70200514793396,255,"constable_states,incorrect_equality,naming_convention,solc_version,suicidal,timestamp,uninitialized_storage,weak_prng",,,
contracts/batch_04/original/batch04_contract_053.sol,batch04_contract_053.sol,slither-0.11.3,solidity,2025/09/14,20260328_2256,1774738718.3473058,0.6968135833740234,255,"arbitrary_send_erc20,deprecated_standards,low_level_calls,missing_zero_check,naming_convention,solc_version,unchecked_transfer,unused_return",,,
contracts/batch_04/original/batch04_contract_054.sol,batch04_contract_054.sol,slither-0.11.3,solidity,2025/09/14,20260328_2256,1774738731.2561483,0.7762351036071777,255,"constable_states,deprecated_standards,divide_before_multiply,incorrect_modifier,naming_convention,shadowing_builtin,solc_version,timestamp,too_many_digits,unused_state",,,
contracts/batch_04/original/batch04_contract_055.sol,batch04_contract_055.sol,slither-0.11.3,solidity,2025/09/14,20260328_2256,1774738702.2189674,0.7386066913604736,255,"constable_states,events_access,external_function,function_init_state,locked_ether,missing_zero_check,naming_convention,solc_version,too_many_digits",,,
contracts/batch_04/original/batch04_contract_056.sol,batch04_contract_056.sol,slither-0.11.3,solidity,2025/09/14,20260328_2256,1774738588.26219,0.9503695964813232,255,"boolean_equal,divide_before_multiply,events_maths,missing_zero_check,naming_convention,reentrancy_unlimited_gas,solc_version,too_many_digits",,,
contracts/batch_04/original/batch04_contract_057.sol,batch04_contract_057.sol,slither-0.11.3,solidity,2025/09/14,20260328_2256,1774738585.1962883,0.8765082359313965,255,"constable_states,cyclomatic_complexity,deprecated_standards,incorrect_equality,reentrancy_unlimited_gas,solc_version,timestamp,too_many_digits",,,
contracts/batch_04/original/batch04_contract_058.sol,batch04_contract_058.sol,slither-0.11.3,solidity,2025/09/14,20260328_2256,1774738638.0448108,0.7213034629821777,255,"constable_states,naming_convention,shadowing_abstract,solc_version,too_many_digits",,,
contracts/batch_04/original/batch04_contract_059.sol,batch04_contract_059.sol,slither-0.11.3,solidity,2025/09/14,20260328_2256,1774738594.263696,0.6773295402526855,255,"events_access,events_maths,missing_zero_check,naming_convention,solc_version",,,
contracts/batch_04/original/batch04_contract_060.sol,batch04_contract_060.sol,slither-0.11.3,solidity,2025/09/14,20260328_2256,1774738594.9415016,1.5001914501190186,255,"boolean_equal,constable_states,divide_before_multiply,erc20_interface,low_level_calls,missing_zero_check,naming_convention,reentrancy_benign,reentrancy_eth,reentrancy_events,return_bomb,solc_version,timestamp,too_many_digits,uninitialized_local",,,
contracts/batch_04/original/batch04_contract_061.sol,batch04_contract_061.sol,slither-0.11.3,solidity,2025/09/14,20260328_2256,1774738695.0794337,0.7079448699951172,255,"constable_states,erc20_interface,external_function,locked_ether,naming_convention,solc_version",,,
contracts/batch_04/original/batch04_contract_062.sol,batch04_contract_062.sol,slither-0.11.3,solidity,2025/09/14,20260328_2256,1774738721.267516,0.8491179943084717,255,"assembly,constable_states,external_function,missing_zero_check,naming_convention,reentrancy_benign,solc_version,timestamp,unchecked_transfer",,,
contracts/batch_04/original/batch04_contract_063.sol,batch04_contract_063.sol,slither-0.11.3,solidity,2025/09/14,20260328_2256,1774738701.517534,0.7009820938110352,255,"events_maths,missing_zero_check,naming_convention,solc_version",,,
contracts/batch_04/original/batch04_contract_064.sol,batch04_contract_064.sol,slither-0.11.3,solidity,2025/09/14,20260328_2256,1774738740.8841217,1.3602731227874756,255,"assembly,boolean_equal,constable_states,constant_function_asm,dead_code,events_access,external_function,missing_zero_check,naming_convention,solc_version,tautology,too_many_digits,unimplemented_functions",,,
contracts/batch_04/original/batch04_contract_065.sol,batch04_contract_065.sol,slither-0.11.3,solidity,2025/09/14,20260328_2256,1774738706.922684,1.0134470462799072,255,"assembly,constant_function_asm,dead_code,erc20_interface,external_function,missing_zero_check,naming_convention,reentrancy_benign,reentrancy_events,reentrancy_unlimited_gas,shadowing_builtin,solc_version,timestamp,too_many_digits,unchecked_transfer,unimplemented_functions,unused_return",,,
contracts/batch_04/original/batch04_contract_066.sol,batch04_contract_066.sol,slither-0.11.3,solidity,2025/09/14,20260328_2256,1774738591.3073204,1.4959726333618164,255,"arbitrary_send_erc20,arbitrary_send_eth,assembly,boolean_equal,external_function,missing_zero_check,naming_convention,pragma,reentrancy_events,reentrancy_unlimited_gas,solc_version,timestamp,unchecked_transfer",,,
contracts/batch_04/original/batch04_contract_068.sol,batch04_contract_068.sol,slither-0.11.3,solidity,2025/09/14,20260328_2256,1774738641.074687,0.7313978672027588,255,"constable_states,dead_code,reentrancy_unlimited_gas,solc_version,timestamp",,,
contracts/batch_04/original/batch04_contract_069.sol,batch04_contract_069.sol,slither-0.11.3,solidity,2025/09/14,20260328_2256,1774738719.0446746,0.7270598411560059,255,"constable_states,divide_before_multiply,reentrancy_unlimited_gas,solc_version",,,
contracts/batch_04/original/batch04_contract_070.sol,batch04_contract_070.sol,slither-0.11.3,solidity,2025/09/14,20260328_2256,1774738645.903283,0.762890100479126,255,"constable_states,incorrect_equality,naming_convention,reentrancy_unlimited_gas,solc_version,timestamp",,,
contracts/batch_04/original/batch04_contract_071.sol,batch04_contract_071.sol,slither-0.11.3,solidity,2025/09/14,20260328_2256,1774738725.6373494,0.804161548614502,255,"boolean_equal,constable_states,divide_before_multiply,events_access,function_init_state,naming_convention,shadowing_abstract,solc_version,too_many_digits",,,
contracts/batch_04/original/batch04_contract_072.sol,batch04_contract_072.sol,slither-0.11.3,solidity,2025/09/14,20260328_2256,1774738724.8989878,0.7378580570220947,255,"external_function,missing_zero_check,naming_convention,solc_version",,,
contracts/batch_04/original/batch04_contract_073.sol,batch04_contract_073.sol,slither-0.11.3,solidity,2025/09/14,20260328_2256,1774738720.527905,0.7391026020050049,255,"divide_before_multiply,incorrect_equality,solc_version,timestamp,too_many_digits",,,
contracts/batch_04/original/batch04_contract_074.sol,batch04_contract_074.sol,slither-0.11.3,solidity,2025/09/14,20260328_2256,1774738677.315128,0.9692857265472412,255,"constable_states,divide_before_multiply,events_maths,incorrect_equality,missing_zero_check,naming_convention,reentrancy_unlimited_gas,solc_version,tautology,too_many_digits",,,
contracts/batch_04/original/batch04_contract_075.sol,batch04_contract_075.sol,slither-0.11.3,solidity,2025/09/14,20260328_2256,1774738609.051535,1.0463261604309082,255,"boolean_equal,constable_states,erc20_interface,events_maths,function_init_state,naming_convention,reentrancy_benign,reentrancy_unlimited_gas,solc_version,timestamp,too_many_digits",,,
contracts/batch_04/original/batch04_contract_076.sol,batch04_contract_076.sol,slither-0.11.3,solidity,2025/09/14,20260328_2256,1774738709.351076,0.706301212310791,255,"divide_before_multiply,reentrancy_unlimited_gas,solc_version",,,
contracts/batch_04/original/batch04_contract_077.sol,batch04_contract_077.sol,slither-0.11.3,solidity,2025/09/14,20260328_2256,1774738651.1254513,0.7131383419036865,255,"assembly,incorrect_modifier,low_level_calls,missing_zero_check,shadowing_local,solc_version",,,
contracts/batch_04/original/batch04_contract_078.sol,batch04_contract_078.sol,slither-0.11.3,solidity,2025/09/14,20260328_2256,1774738679.8361595,0.7604281902313232,255,"constable_states,dead_code,erc20_interface,events_access,external_function,missing_zero_check,naming_convention,solc_version",,,
contracts/batch_04/original/batch04_contract_079.sol,batch04_contract_079.sol,slither-0.11.3,solidity,2025/09/14,20260328_2256,1774738619.1495597,0.7589926719665527,255,"external_function,low_level_calls,missing_zero_check,naming_convention,solc_version,too_many_digits",,,
contracts/batch_04/original/batch04_contract_080.sol,batch04_contract_080.sol,slither-0.11.3,solidity,2025/09/14,20260328_2256,1774738666.3759992,0.936924934387207,255,"constable_states,deprecated_standards,events_maths,low_level_calls,missing_zero_check,naming_convention,reentrancy_benign,reentrancy_events,shadowing_builtin,solc_version",,,
contracts/batch_04/original/batch04_contract_081.sol,batch04_contract_081.sol,slither-0.11.3,solidity,2025/09/14,20260328_2256,1774738702.958035,1.1118168830871582,255,"boolean_equal,constable_states,cyclomatic_complexity,dead_code,deprecated_standards,events_maths,external_function,locked_ether,missing_zero_check,naming_convention,pragma,shadowing_local,solc_version,timestamp,unimplemented_functions,uninitialized_local,unused_return,weak_prng",,,
contracts/batch_04/original/batch04_contract_082.sol,batch04_contract_082.sol,slither-0.11.3,solidity,2025/09/14,20260328_2256,1774738597.1225383,0.7215726375579834,255,"divide_before_multiply,erc20_interface,incorrect_modifier,missing_zero_check,naming_convention,reentrancy_events,reentrancy_unlimited_gas,solc_version",,,
contracts/batch_04/original/batch04_contract_083.sol,batch04_contract_083.sol,slither-0.11.3,solidity,2025/09/14,20260328_2256,1774738648.802765,0.8605737686157227,255,"assembly,divide_before_multiply,external_function,missing_zero_check,naming_convention,solc_version,timestamp",,,
contracts/batch_04/original/batch04_contract_084.sol,batch04_contract_084.sol,slither-0.11.3,solidity,2025/09/14,20260328_2256,1774738688.9425392,0.7892379760742188,255,"constable_states,incorrect_equality,naming_convention,reentrancy_unlimited_gas,solc_version,timestamp",,,
contracts/batch_04/original/batch04_contract_085.sol,batch04_contract_085.sol,slither-0.11.3,solidity,2025/09/14,20260328_2256,1774738619.9090679,0.7754693031311035,255,"boolean_equal,missing_zero_check,naming_convention,reentrancy_eth,reentrancy_no_eth,reentrancy_unlimited_gas,solc_version",,,
contracts/batch_04/original/batch04_contract_086.sol,batch04_contract_086.sol,slither-0.11.3,solidity,2025/09/14,20260328_2256,1774738697.1954389,0.7604870796203613,255,"constable_states,naming_convention,solc_version",,,
contracts/batch_04/original/batch04_contract_087.sol,batch04_contract_087.sol,slither-0.11.3,solidity,2025/09/14,20260328_2256,1774738645.1391149,0.763655424118042,255,"divide_before_multiply,erc20_interface,naming_convention,solc_version,timestamp,too_many_digits,unused_return",,,
contracts/batch_04/original/batch04_contract_088.sol,batch04_contract_088.sol,slither-0.11.3,solidity,2025/09/14,20260328_2256,1774738689.7322857,0.7755856513977051,255,"boolean_equal,constable_states,divide_before_multiply,events_access,function_init_state,naming_convention,shadowing_abstract,solc_version,too_many_digits",,,
contracts/batch_04/original/batch04_contract_089.sol,batch04_contract_089.sol,slither-0.11.3,solidity,2025/09/14,20260328_2256,1774738663.1807098,0.7242474555969238,255,"events_maths,missing_zero_check,naming_convention,reentrancy_benign,reentrancy_unlimited_gas,solc_version,too_many_digits,unchecked_transfer",,,
contracts/batch_04/original/batch04_contract_090.sol,batch04_contract_090.sol,slither-0.11.3,solidity,2025/09/14,20260328_2256,1774738614.970993,0.9342513084411621,255,"constable_states,missing_zero_check,naming_convention,reentrancy_benign,reentrancy_events,reentrancy_unlimited_gas,shadowing_local,solc_version",,,
contracts/batch_04/original/batch04_contract_091.sol,batch04_contract_091.sol,slither-0.11.3,solidity,2025/09/14,20260328_2256,1774738617.458359,0.9466612339019775,255,"constable_states,deprecated_standards,events_maths,low_level_calls,missing_zero_check,naming_convention,reentrancy_benign,reentrancy_events,reentrancy_no_eth,shadowing_builtin,solc_version",,,
contracts/batch_04/original/batch04_contract_092.sol,batch04_contract_092.sol,slither-0.11.3,solidity,2025/09/14,20260328_2256,1774738653.4814198,0.6885960102081299,255,"incorrect_equality,solc_version,timestamp",,,
contracts/batch_04/original/batch04_contract_093.sol,batch04_contract_093.sol,slither-0.11.3,solidity,2025/09/14,20260328_2256,1774738613.5907407,0.6452405452728271,1,,,EXIT_CODE_1,"""analysis unsuccessful, check output.json"",""error parsing results: file could not be opened successfully:
- method gz: ReadError('empty file')
- method bz2: ReadError('not a bzip2 file')
- method xz: ReadError('not an lzma file')
- method tar: ReadError('empty file')"",""exception (crytic_compile.platform.exceptions.InvalidCompilation: Invalid solc compilation /sb/batch04_contract_093.sol:40:3: Warning: Defining constructors as functions with the same name as the contract is deprecated. Use """"constructor(...) { ... }"""" instead.)"",exception (json.decoder.JSONDecodeError: Expecting value: line 1 column 1 (char 0))"
contracts/batch_04/original/batch04_contract_094.sol,batch04_contract_094.sol,slither-0.11.3,solidity,2025/09/14,20260328_2256,1774738601.7752728,0.7133140563964844,255,"missing_zero_check,naming_convention,reentrancy_unlimited_gas,solc_version",,,
contracts/batch_04/original/batch04_contract_095.sol,batch04_contract_095.sol,slither-0.11.3,solidity,2025/09/14,20260328_2256,1774738586.8339188,0.6920506954193115,255,"divide_before_multiply,naming_convention,reentrancy_unlimited_gas,solc_version",,,
contracts/batch_04/original/batch04_contract_096.sol,batch04_contract_096.sol,slither-0.11.3,solidity,2025/09/14,20260328_2256,1774738631.5503871,0.749720573425293,255,"arbitrary_send_eth,events_access,events_maths,missing_zero_check,naming_convention,reentrancy_unlimited_gas,solc_version,too_many_digits",,,
contracts/batch_04/original/batch04_contract_097.sol,batch04_contract_097.sol,slither-0.11.3,solidity,2025/09/14,20260328_2256,1774738682.8758733,0.7223231792449951,255,"constable_states,divide_before_multiply,reentrancy_unlimited_gas,solc_version,timestamp,too_many_digits",,,
contracts/batch_04/original/batch04_contract_098.sol,batch04_contract_098.sol,slither-0.11.3,solidity,2025/09/14,20260328_2256,1774738668.809097,0.7573456764221191,255,"constable_states,divide_before_multiply,missing_zero_check,naming_convention,reentrancy_unlimited_gas,solc_version,timestamp,too_many_digits",,,
contracts/batch_04/original/batch04_contract_099.sol,batch04_contract_099.sol,slither-0.11.3,solidity,2025/09/14,20260328_2256,1774738643.568461,0.7643036842346191,255,"constable_states,deprecated_standards,external_function,low_level_calls,naming_convention,solc_version,too_many_digits",,,
contracts/batch_04/original/batch04_contract_100.sol,batch04_contract_100.sol,slither-0.11.3,solidity,2025/09/14,20260328_2256,1774738583.5712264,0.8488357067108154,255,"arbitrary_send_eth,constable_states,deprecated_standards,missing_zero_check,naming_convention,reentrancy_events,reentrancy_unlimited_gas,solc_version",,,
contracts/batch_04/original/batch04_contract_101.sol,batch04_contract_101.sol,slither-0.11.3,solidity,2025/09/14,20260328_2256,1774738671.2206633,0.6829636096954346,255,"constable_states,naming_convention,solc_version,too_many_digits",,,
contracts/batch_04/original/batch04_contract_102.sol,batch04_contract_102.sol,slither-0.11.3,solidity,2025/09/14,20260328_2256,1774738692.9111035,0.750119686126709,255,"constable_states,deprecated_standards,external_function,low_level_calls,naming_convention,solc_version,too_many_digits",,,
contracts/batch_04/original/batch04_contract_103.sol,batch04_contract_103.sol,slither-0.11.3,solidity,2025/09/14,20260328_2256,1774738603.1830845,0.7208724021911621,255,"divide_before_multiply,incorrect_equality,reentrancy_unlimited_gas,solc_version",,,
contracts/batch_04/original/batch04_contract_104.sol,batch04_contract_104.sol,slither-0.11.3,solidity,2025/09/14,20260328_2256,1774738633.902861,0.753279447555542,255,"constable_states,deprecated_standards,function_init_state,naming_convention,reentrancy_unlimited_gas,solc_version,unchecked_send",,,
contracts/batch_04/original/batch04_contract_105.sol,batch04_contract_105.sol,slither-0.11.3,solidity,2025/09/14,20260328_2256,1774738716.8016372,0.7682313919067383,255,"constable_states,divide_before_multiply,incorrect_equality,naming_convention,reentrancy_unlimited_gas,solc_version,timestamp",,,
contracts/batch_04/original/batch04_contract_106.sol,batch04_contract_106.sol,slither-0.11.3,solidity,2025/09/14,20260328_2256,1774738679.062821,0.7728006839752197,255,"boolean_equal,events_access,incorrect_equality,reentrancy_no_eth,solc_version,timestamp,too_many_digits,unchecked_transfer",,,
contracts/batch_04/original/batch04_contract_107.sol,batch04_contract_107.sol,slither-0.11.3,solidity,2025/09/14,20260328_2256,1774738624.3012457,0.8206803798675537,255,"naming_convention,solc_version,too_many_digits",,,
contracts/batch_04/original/batch04_contract_108.sol,batch04_contract_108.sol,slither-0.11.3,solidity,2025/09/14,20260328_2256,1774738644.3333251,0.8051929473876953,255,"boolean_equal,constable_states,divide_before_multiply,events_access,function_init_state,naming_convention,shadowing_abstract,solc_version,too_many_digits",,,
contracts/batch_04/original/batch04_contract_109.sol,batch04_contract_109.sol,slither-0.11.3,solidity,2025/09/14,20260328_2256,1774738704.746289,0.7277989387512207,255,"constable_states,missing_zero_check,naming_convention,solc_version,too_many_digits",,,
contracts/batch_04/original/batch04_contract_110.sol,batch04_contract_110.sol,slither-0.11.3,solidity,2025/09/14,20260328_2256,1774738633.128156,0.7741131782531738,255,"constable_states,naming_convention,reentrancy_unlimited_gas,solc_version,too_many_digits",,,
contracts/batch_04/original/batch04_contract_111.sol,batch04_contract_111.sol,slither-0.11.3,solidity,2025/09/14,20260328_2256,1774738630.5621715,0.9875590801239014,255,"constable_states,missing_zero_check,naming_convention,reentrancy_benign,reentrancy_events,reentrancy_no_eth,shadowing_abstract,solc_version",,,
contracts/batch_04/original/batch04_contract_112.sol,batch04_contract_112.sol,slither-0.11.3,solidity,2025/09/14,20260328_2256,1774738659.6744921,0.9418511390686035,255,"arbitrary_send_erc20,events_maths,external_function,missing_inheritance,missing_zero_check,naming_convention,reentrancy_benign,reentrancy_eth,reentrancy_events,reentrancy_unlimited_gas,shadowing_local,solc_version,timestamp,unchecked_transfer,unused_return",,,
contracts/batch_04/original/batch04_contract_113.sol,batch04_contract_113.sol,slither-0.11.3,solidity,2025/09/14,20260328_2256,1774738661.3861642,1.0487799644470215,255,"arbitrary_send_eth,boolean_equal,constable_states,divide_before_multiply,events_maths,missing_zero_check,naming_convention,solc_version",,,
contracts/batch_04/original/batch04_contract_114.sol,batch04_contract_114.sol,slither-0.11.3,solidity,2025/09/14,20260328_2256,1774738656.4686835,0.7440314292907715,255,"missing_zero_check,naming_convention,solc_version",,,
contracts/batch_04/original/batch04_contract_115.sol,batch04_contract_115.sol,slither-0.11.3,solidity,2025/09/14,20260328_2256,1774738713.0751374,0.7558028697967529,255,"constable_states,dead_code,deprecated_standards,events_access,external_function,missing_zero_check,naming_convention,solc_version",,,
contracts/batch_04/original/batch04_contract_116.sol,batch04_contract_116.sol,slither-0.11.3,solidity,2025/09/14,20260328_2256,1774738641.8065739,1.0442378520965576,255,"arbitrary_send_eth,assembly,dead_code,low_level_calls,missing_inheritance,missing_zero_check,naming_convention,pragma,reentrancy_events,reentrancy_unlimited_gas,shadowing_local,shadowing_state,solc_version",,,
contracts/batch_04/original/batch04_contract_117.sol,batch04_contract_117.sol,slither-0.11.3,solidity,2025/09/14,20260328_2256,1774738710.912213,0.7333524227142334,255,"constable_states,low_level_calls,naming_convention,reentrancy_events,reentrancy_unlimited_gas,solc_version,timestamp,too_many_digits,unchecked_transfer",,,
contracts/batch_04/original/batch04_contract_118.sol,batch04_contract_118.sol,slither-0.11.3,solidity,2025/09/14,20260328_2256,1774738715.3230207,0.809443473815918,255,"constable_states,naming_convention,solc_version,tautology,too_many_digits,unused_state",,,
contracts/batch_04/original/batch04_contract_119.sol,batch04_contract_119.sol,slither-0.11.3,solidity,2025/09/14,20260328_2256,1774738714.6111224,0.7114059925079346,255,"constable_states,divide_before_multiply,solc_version",,,
contracts/batch_04/original/batch04_contract_120.sol,batch04_contract_120.sol,slither-0.11.3,solidity,2025/09/14,20260328_2256,1774738642.8516862,0.716301441192627,255,"arbitrary_send_eth,controlled_array_length,divide_before_multiply,naming_convention,solc_version,too_many_digits,weak_prng",,,
contracts/batch_04/original/batch04_contract_121.sol,batch04_contract_121.sol,slither-0.11.3,solidity,2025/09/14,20260328_2256,1774738723.9122958,0.9857800006866455,255,"constable_states,deprecated_standards,events_maths,low_level_calls,missing_zero_check,naming_convention,reentrancy_benign,reentrancy_events,reentrancy_no_eth,shadowing_builtin,solc_version",,,
contracts/batch_04/original/batch04_contract_122.sol,batch04_contract_122.sol,slither-0.11.3,solidity,2025/09/14,20260328_2256,1774738592.8046508,0.7506825923919678,255,"boolean_equal,constable_states,divide_before_multiply,function_init_state,naming_convention,solc_version,tautology,timestamp,too_many_digits",,,
contracts/batch_04/original/batch04_contract_123.sol,batch04_contract_123.sol,slither-0.11.3,solidity,2025/09/14,20260328_2256,1774738614.23645,0.7340395450592041,255,"external_function,missing_zero_check,naming_convention,solc_version,too_many_digits",,,
contracts/batch_04/original/batch04_contract_124.sol,batch04_contract_124.sol,slither-0.11.3,solidity,2025/09/14,20260328_2256,1774738712.3263562,0.7482941150665283,255,"constable_states,deprecated_standards,external_function,low_level_calls,naming_convention,solc_version",,,
contracts/batch_04/original/batch04_contract_125.sol,batch04_contract_125.sol,slither-0.11.3,solidity,2025/09/14,20260328_2256,1774738598.7105083,0.7152097225189209,255,"divide_before_multiply,reentrancy_unlimited_gas,solc_version,timestamp,too_many_digits,variable_scope",,,
contracts/batch_04/original/batch04_contract_126.sol,batch04_contract_126.sol,slither-0.11.3,solidity,2025/09/14,20260328_2256,1774738740.140183,0.7433836460113525,255,"constable_states,function_init_state,locked_ether,naming_convention,shadowing_abstract,solc_version,too_many_digits,unused_state",,,
contracts/batch_04/original/batch04_contract_127.sol,batch04_contract_127.sol,slither-0.11.3,solidity,2025/09/14,20260328_2256,1774738638.7665992,0.6894044876098633,255,"deprecated_standards,naming_convention,reentrancy_unlimited_gas,solc_version,timestamp",,,
contracts/batch_04/original/batch04_contract_128.sol,batch04_contract_128.sol,slither-0.11.3,solidity,2025/09/14,20260328_2256,1774738674.9800673,0.8149526119232178,255,"constable_states,deprecated_standards,divide_before_multiply,erc20_interface,events_access,function_init_state,incorrect_equality,missing_zero_check,naming_convention,reentrancy_unlimited_gas,solc_version,timestamp,too_many_digits,weak_prng",,,
contracts/batch_04/original/batch04_contract_129.sol,batch04_contract_129.sol,slither-0.11.3,solidity,2025/09/14,20260328_2256,1774738686.66263,0.7004714012145996,255,"missing_zero_check,reentrancy_unlimited_gas,solc_version",,,
contracts/batch_04/original/batch04_contract_130.sol,batch04_contract_130.sol,slither-0.11.3,solidity,2025/09/14,20260328_2256,1774738735.192745,0.7401401996612549,255,"erc20_interface,events_access,missing_zero_check,naming_convention,solc_version,too_many_digits",,,
contracts/batch_04/original/batch04_contract_131.sol,batch04_contract_131.sol,slither-0.11.3,solidity,2025/09/14,20260328_2256,1774738668.0812378,0.7272212505340576,255,"divide_before_multiply,events_maths,missing_zero_check,naming_convention,reentrancy_benign,reentrancy_eth,reentrancy_events,reentrancy_unlimited_gas,solc_version",,,
contracts/batch_04/original/batch04_contract_132.sol,batch04_contract_132.sol,slither-0.11.3,solidity,2025/09/14,20260328_2256,1774738636.5170898,0.7247893810272217,255,"constable_states,erc20_interface,missing_zero_check,naming_convention,shadowing_state,solc_version,timestamp,uninitialized_state",,,
contracts/batch_04/original/batch04_contract_134.sol,batch04_contract_134.sol,slither-0.11.3,solidity,2025/09/14,20260328_2256,1774738739.371881,0.767770528793335,255,"dead_code,missing_zero_check,naming_convention,solc_version",,,
contracts/batch_04/original/batch04_contract_135.sol,batch04_contract_135.sol,slither-0.11.3,solidity,2025/09/14,20260328_2256,1774738729.5322957,0.6995055675506592,255,"divide_before_multiply,reentrancy_unlimited_gas,solc_version,unchecked_send",,,
contracts/batch_04/original/batch04_contract_136.sol,batch04_contract_136.sol,slither-0.11.3,solidity,2025/09/14,20260328_2256,1774738737.4714267,1.1078224182128906,255,"arbitrary_send_erc20,assembly,cache_array_length,calls_loop,events_maths,external_function,missing_zero_check,msg_value_loop,naming_convention,reentrancy_benign,reentrancy_events,reentrancy_unlimited_gas,shadowing_local,solc_version,too_many_digits,unchecked_transfer",,,
contracts/batch_04/original/batch04_contract_137.sol,batch04_contract_137.sol,slither-0.11.3,solidity,2025/09/14,20260328_2256,1774738596.4424193,0.679640531539917,255,"missing_zero_check,reentrancy_unlimited_gas,solc_version",,,
contracts/batch_04/original/batch04_contract_138.sol,batch04_contract_138.sol,slither-0.11.3,solidity,2025/09/14,20260328_2256,1774738650.4411116,0.683809757232666,255,"deprecated_standards,naming_convention,reentrancy_unlimited_gas,solc_version,timestamp",,,
contracts/batch_04/original/batch04_contract_139.sol,batch04_contract_139.sol,slither-0.11.3,solidity,2025/09/14,20260328_2256,1774738676.535885,0.7787582874298096,255,"constable_states,dead_code,erc20_interface,events_access,external_function,missing_zero_check,naming_convention,solc_version,too_many_digits",,,
contracts/batch_04/original/batch04_contract_140.sol,batch04_contract_140.sol,slither-0.11.3,solidity,2025/09/14,20260328_2256,1774738629.8287458,0.732933759689331,255,"assembly,constable_states,constant_function_asm,dead_code,divide_before_multiply,missing_zero_check,reentrancy_unlimited_gas,solc_version",,,
contracts/batch_04/original/batch04_contract_141.sol,batch04_contract_141.sol,slither-0.11.3,solidity,2025/09/14,20260328_2256,1774738685.9359784,0.7261011600494385,255,"constable_states,divide_before_multiply,reentrancy_unlimited_gas,solc_version,timestamp",,,
contracts/batch_04/original/batch04_contract_142.sol,batch04_contract_142.sol,slither-0.11.3,solidity,2025/09/14,20260328_2256,1774738733.7234848,0.6925909519195557,255,solc_version,,,
contracts/batch_04/original/batch04_contract_143.sol,batch04_contract_143.sol,slither-0.11.3,solidity,2025/09/14,20260328_2256,1774738634.6569002,0.7703087329864502,255,"constable_states,naming_convention,reentrancy_events,solc_version,too_many_digits",,,
contracts/batch_04/original/batch04_contract_144.sol,batch04_contract_144.sol,slither-0.11.3,solidity,2025/09/14,20260328_2256,1774738621.3976488,0.786489725112915,255,"constable_states,divide_before_multiply,missing_zero_check,naming_convention,reentrancy_unlimited_gas,solc_version,timestamp,too_many_digits",,,
contracts/batch_04/original/batch04_contract_145.sol,batch04_contract_145.sol,slither-0.11.3,solidity,2025/09/14,20260328_2256,1774738589.879159,0.7002818584442139,255,"events_maths,incorrect_modifier,missing_zero_check,naming_convention,solc_version,timestamp",,,
contracts/batch_04/original/batch04_contract_146.sol,batch04_contract_146.sol,slither-0.11.3,solidity,2025/09/14,20260328_2256,1774738716.1330438,0.6681389808654785,255,"constable_states,reentrancy_unlimited_gas,solc_version,too_many_digits",,,
contracts/batch_04/original/batch04_contract_147.sol,batch04_contract_147.sol,slither-0.11.3,solidity,2025/09/14,20260328_2256,1774738660.618267,0.7672624588012695,255,"constable_states,divide_before_multiply,missing_zero_check,naming_convention,reentrancy_unlimited_gas,solc_version,timestamp,too_many_digits",,,
contracts/batch_04/original/batch04_contract_148.sol,batch04_contract_148.sol,slither-0.11.3,solidity,2025/09/14,20260328_2256,1774738728.779601,0.7522239685058594,255,"external_function,locked_ether,missing_zero_check,naming_convention,solc_version,too_many_digits",,,
contracts/batch_04/original/batch04_contract_149.sol,batch04_contract_149.sol,slither-0.11.3,solidity,2025/09/14,20260328_2256,1774738706.2196348,0.702547550201416,255,"external_function,naming_convention,solc_version",,,
contracts/batch_04/original/batch04_contract_150.sol,batch04_contract_150.sol,slither-0.11.3,solidity,2025/09/14,20260328_2256,1774738727.984618,0.7944560050964355,255,"constable_states,divide_before_multiply,incorrect_equality,naming_convention,reentrancy_unlimited_gas,solc_version,timestamp",,,
contracts/batch_04/original/batch04_contract_152.sol,batch04_contract_152.sol,slither-0.11.3,solidity,2025/09/14,20260328_2256,1774738657.2132087,0.7465791702270508,255,"constable_states,deprecated_standards,external_function,low_level_calls,naming_convention,shadowing_state,solc_version,too_many_digits",,,
contracts/batch_04/original/batch04_contract_153.sol,batch04_contract_153.sol,slither-0.11.3,solidity,2025/09/14,20260328_2256,1774738726.4422095,0.7378153800964355,255,"divide_before_multiply,events_access,incorrect_equality,missing_zero_check,solc_version,timestamp",,,
contracts/batch_04/original/batch04_contract_154.sol,batch04_contract_154.sol,slither-0.11.3,solidity,2025/09/14,20260328_2256,1774738654.1704495,0.7380752563476562,255,"assembly,constant_function_asm,divide_before_multiply,missing_zero_check,naming_convention,reentrancy_unlimited_gas,solc_version",,,
contracts/batch_04/original/batch04_contract_155.sol,batch04_contract_155.sol,slither-0.11.3,solidity,2025/09/14,20260328_2256,1774738693.6618369,0.6794323921203613,255,"missing_zero_check,naming_convention,reentrancy_unlimited_gas,solc_version,too_many_digits",,,
contracts/batch_04/original/batch04_contract_156.sol,batch04_contract_156.sol,slither-0.11.3,solidity,2025/09/14,20260328_2256,1774738618.4059224,0.7430312633514404,255,"constable_states,divide_before_multiply,erc20_interface,external_function,naming_convention,solc_version,too_many_digits",,,
contracts/batch_04/original/batch04_contract_157.sol,batch04_contract_157.sol,slither-0.11.3,solidity,2025/09/14,20260328_2256,1774738738.579943,0.7912158966064453,255,"arbitrary_send_eth,constable_states,events_access,naming_convention,solc_version",,,
contracts/batch_04/original/batch04_contract_158.sol,batch04_contract_158.sol,slither-0.11.3,solidity,2025/09/14,20260328_2256,1774738732.0329604,0.7387244701385498,255,"constable_states,divide_before_multiply,reentrancy_unlimited_gas,solc_version,timestamp,too_many_digits",,,
contracts/batch_04/original/batch04_contract_159.sol,batch04_contract_159.sol,slither-0.11.3,solidity,2025/09/14,20260328_2256,1774738684.510608,0.647972822189331,255,"naming_convention,solc_version,suicidal",,,
contracts/batch_04/original/batch04_contract_160.sol,batch04_contract_160.sol,slither-0.11.3,solidity,2025/09/14,20260328_2256,1774738623.532477,0.7682662010192871,255,"erc20_interface,naming_convention,reentrancy_unlimited_gas,solc_version,too_many_digits",,,
contracts/batch_04/original/batch04_contract_161.sol,batch04_contract_161.sol,slither-0.11.3,solidity,2025/09/14,20260328_2256,1774738629.0751052,0.7531082630157471,255,"constable_states,deprecated_standards,external_function,low_level_calls,naming_convention,solc_version,too_many_digits",,,
contracts/batch_04/original/batch04_contract_162.sol,batch04_contract_162.sol,slither-0.11.3,solidity,2025/09/14,20260328_2256,1774738736.7047384,0.7661278247833252,255,"constable_states,deprecated_standards,external_function,low_level_calls,naming_convention,solc_version,too_many_digits",,,
contracts/batch_04/original/batch04_contract_163.sol,batch04_contract_163.sol,slither-0.11.3,solidity,2025/09/14,20260328_2256,1774738654.9090614,0.6892175674438477,255,"assembly,boolean_equal,constable_states,external_function,locked_ether,naming_convention,solc_version",,,
contracts/batch_04/original/batch04_contract_164.sol,batch04_contract_164.sol,slither-0.11.3,solidity,2025/09/14,20260328_2256,1774738616.6640618,0.7932875156402588,255,"constable_states,immutable_states,incorrect_equality,missing_zero_check,naming_convention,reentrancy_benign,reentrancy_unlimited_gas,solc_version,timestamp,too_many_digits,weak_prng",,,
contracts/batch_04/original/batch04_contract_165.sol,batch04_contract_165.sol,slither-0.11.3,solidity,2025/09/14,20260328_2256,1774738610.098471,1.513381004333496,255,"naming_convention,solc_version",,,
contracts/batch_04/original/batch04_contract_166.sol,batch04_contract_166.sol,slither-0.11.3,solidity,2025/09/14,20260328_2256,1774738622.1847277,0.6779811382293701,1,,,EXIT_CODE_1,"""analysis unsuccessful, check output.json"",""error parsing results: file could not be opened successfully:
- method gz: ReadError('empty file')
- method bz2: ReadError('not a bzip2 file')
- method xz: ReadError('not an lzma file')
- method tar: ReadError('empty file')"",exception (crytic_compile.platform.exceptions.InvalidCompilation: Invalid solc compilation /sb/batch04_contract_166.sol:4:13: Error: Expected identifier but got 'payable'),exception (json.decoder.JSONDecodeError: Expecting value: line 1 column 1 (char 0))"
contracts/batch_04/original/batch04_contract_167.sol,batch04_contract_167.sol,slither-0.11.3,solidity,2025/09/14,20260328_2256,1774738678.2857378,0.7762675285339355,255,"arbitrary_send_eth,constable_states,low_level_calls,missing_zero_check,naming_convention,reentrancy_benign,reentrancy_events,reentrancy_unlimited_gas,solc_version,unchecked_lowlevel,unused_state,weak_prng",,,
contracts/batch_04/original/batch04_contract_168.sol,batch04_contract_168.sol,slither-0.11.3,solidity,2025/09/14,20260328_2256,1774738667.3136578,0.7670583724975586,255,"constable_states,incorrect_equality,naming_convention,reentrancy_unlimited_gas,solc_version,timestamp",,,
contracts/batch_04/original/batch04_contract_169.sol,batch04_contract_169.sol,slither-0.11.3,solidity,2025/09/14,20260328_2256,1774738658.9393296,0.734515905380249,255,"constable_states,erc20_interface,events_access,external_function,locked_ether,missing_zero_check,naming_convention,solc_version,timestamp",,,
contracts/batch_04/original/batch04_contract_170.sol,batch04_contract_170.sol,slither-0.11.3,solidity,2025/09/14,20260328_2256,1774738708.6318352,0.7188119888305664,255,"constable_states,divide_before_multiply,naming_convention,reentrancy_unlimited_gas,solc_version",,,
contracts/batch_04/original/batch04_contract_171.sol,batch04_contract_171.sol,slither-0.11.3,solidity,2025/09/14,20260328_2256,1774738687.363585,0.8158955574035645,255,"arbitrary_send_eth,boolean_equal,constable_states,erc20_interface,events_maths,naming_convention,solc_version,too_many_digits",,,
contracts/batch_04/original/batch04_contract_172.sol,batch04_contract_172.sol,slither-0.11.3,solidity,2025/09/14,20260328_2256,1774738690.5084498,0.7954585552215576,255,"boolean_equal,constable_states,events_access,external_function,missing_zero_check,naming_convention,shadowing_abstract,solc_version,too_many_digits",,,
contracts/batch_04/original/batch04_contract_173.sol,batch04_contract_173.sol,slither-0.11.3,solidity,2025/09/14,20260328_2256,1774738647.3480525,0.6611573696136475,255,"naming_convention,solc_version,timestamp",,,
contracts/batch_04/original/batch04_contract_174.sol,batch04_contract_174.sol,slither-0.11.3,solidity,2025/09/14,20260328_2256,1774738655.5987453,0.8694005012512207,255,"boolean_equal,constable_states,events_maths,incorrect_equality,naming_convention,reentrancy_unlimited_gas,solc_version,too_many_digits,unused_state,variable_scope,weak_prng",,,
contracts/batch_04/original/batch04_contract_175.sol,batch04_contract_175.sol,slither-0.11.3,solidity,2025/09/14,20260328_2256,1774738727.1806014,0.8035433292388916,255,"dead_code,events_access,shadowing_local,solc_version",,,
contracts/batch_04/original/batch04_contract_176.sol,batch04_contract_176.sol,slither-0.11.3,solidity,2025/09/14,20260328_2256,1774738626.8605058,0.7659695148468018,255,"constable_states,divide_before_multiply,missing_zero_check,naming_convention,reentrancy_unlimited_gas,solc_version,timestamp",,,
contracts/batch_04/original/batch04_contract_177.sol,batch04_contract_177.sol,slither-0.11.3,solidity,2025/09/14,20260328_2256,1774738603.9043896,0.7352173328399658,255,"constable_states,dead_code,naming_convention,solc_version,too_many_digits",,,
contracts/batch_04/original/batch04_contract_178.sol,batch04_contract_178.sol,slither-0.11.3,solidity,2025/09/14,20260328_2256,1774738625.9182472,0.9412548542022705,255,"events_maths,missing_zero_check,naming_convention,reentrancy_benign,reentrancy_no_eth,solc_version,timestamp,too_many_digits,unchecked_transfer,unused_return",,,
contracts/batch_04/original/batch04_contract_180.sol,batch04_contract_180.sol,slither-0.11.3,solidity,2025/09/14,20260328_2256,1774738628.343914,0.7306454181671143,255,"assembly,events_access,external_function,missing_zero_check,naming_convention,reentrancy_events,solc_version,too_many_digits,unchecked_transfer",,,
contracts/batch_04/original/batch04_contract_181.sol,batch04_contract_181.sol,slither-0.11.3,solidity,2025/09/14,20260328_2256,1774738711.6460595,0.6798629760742188,255,"events_access,external_function,missing_zero_check,naming_convention,solc_version",,,
contracts/batch_04/original/batch04_contract_182.sol,batch04_contract_182.sol,slither-0.11.3,solidity,2025/09/14,20260328_2256,1774738723.0714598,0.8402116298675537,255,"assembly,divide_before_multiply,external_function,naming_convention,reentrancy_unlimited_gas,solc_version,unchecked_transfer",,,
contracts/batch_04/original/batch04_contract_183.sol,batch04_contract_183.sol,slither-0.11.3,solidity,2025/09/14,20260328_2256,1774738640.3193207,0.7548906803131104,255,"constable_states,incorrect_equality,naming_convention,reentrancy_unlimited_gas,solc_version,timestamp",,,
contracts/batch_04/original/batch04_contract_184.sol,batch04_contract_184.sol,slither-0.11.3,solidity,2025/09/14,20260328_2256,1774738657.9603114,0.9784762859344482,255,"assembly,boolean_equal,constable_states,constant_function_asm,events_maths,incorrect_equality,naming_convention,reentrancy_unlimited_gas,solc_version,too_many_digits,unused_state,variable_scope,weak_prng",,,
contracts/batch_04/original/batch04_contract_185.sol,batch04_contract_185.sol,slither-0.11.3,solidity,2025/09/14,20260328_2256,1774738698.808556,0.8098771572113037,255,"constable_states,divide_before_multiply,erc20_interface,events_access,external_function,missing_zero_check,naming_convention,reentrancy_unlimited_gas,solc_version,too_many_digits,unused_state",,,
contracts/batch_04/original/batch04_contract_186.sol,batch04_contract_186.sol,slither-0.11.3,solidity,2025/09/14,20260328_2256,1774738649.6638813,0.7766156196594238,255,"arbitrary_send_eth,divide_before_multiply,incorrect_equality,solc_version,timestamp,too_many_digits",,,
contracts/batch_04/original/batch04_contract_187.sol,batch04_contract_187.sol,slither-0.11.3,solidity,2025/09/14,20260328_2256,1774738622.8631568,0.6687881946563721,255,"constable_states,naming_convention,solc_version,timestamp",,,
contracts/batch_04/original/batch04_contract_188.sol,batch04_contract_188.sol,slither-0.11.3,solidity,2025/09/14,20260328_2256,1774738704.0707374,0.6750454902648926,255,"events_maths,naming_convention,reentrancy_no_eth,solc_version,too_many_digits",,,
contracts/batch_04/original/batch04_contract_189.sol,batch04_contract_189.sol,slither-0.11.3,solidity,2025/09/14,20260328_2256,1774738646.6667244,0.6808357238769531,255,"events_maths,naming_convention,reentrancy_unlimited_gas,solc_version",,,
contracts/batch_04/original/batch04_contract_190.sol,batch04_contract_190.sol,slither-0.11.3,solidity,2025/09/14,20260328_2256,1774738671.9041092,0.8049263954162598,255,"naming_convention,solc_version,too_many_digits",,,
contracts/batch_04/original/batch04_contract_191.sol,batch04_contract_191.sol,slither-0.11.3,solidity,2025/09/14,20260328_2256,1774738611.6123445,1.9773592948913574,255,"boolean_equal,constable_states,dead_code,events_access,events_maths,incorrect_equality,incorrect_modifier,missing_zero_check,naming_convention,reentrancy_benign,reentrancy_events,reentrancy_unlimited_gas,solc_version,timestamp,uninitialized_state,unused_return",,,
contracts/batch_04/original/batch04_contract_192.sol,batch04_contract_192.sol,slither-0.11.3,solidity,2025/09/14,20260328_2256,1774738696.4904442,0.7044751644134521,255,"constable_states,events_access,events_maths,external_function,missing_zero_check,naming_convention,solc_version,unused_state",,,
contracts/batch_04/original/batch04_contract_193.sol,batch04_contract_193.sol,slither-0.11.3,solidity,2025/09/14,20260328_2256,1774738705.4746573,0.7444405555725098,255,"constable_states,erc20_interface,missing_zero_check,naming_convention,shadowing_state,solc_version,timestamp,unchecked_transfer,uninitialized_state",,,
contracts/batch_04/original/batch04_contract_194.sol,batch04_contract_194.sol,slither-0.11.3,solidity,2025/09/14,20260328_2256,1774738589.2132232,0.6655046939849854,255,"constable_states,locked_ether,naming_convention,solc_version",,,
contracts/batch_04/original/batch04_contract_195.sol,batch04_contract_195.sol,slither-0.11.3,solidity,2025/09/14,20260328_2256,1774738615.9059298,0.7576136589050293,255,"naming_convention,reentrancy_unlimited_gas,solc_version,timestamp,too_many_digits",,,
contracts/batch_04/original/batch04_contract_197.sol,batch04_contract_197.sol,slither-0.11.3,solidity,2025/09/14,20260328_2256,1774738620.6853547,0.7117247581481934,255,"constable_states,deprecated_standards,events_maths,external_function,incorrect_equality,low_level_calls,naming_convention,reentrancy_benign,reentrancy_no_eth,solc_version",,,
contracts/batch_04/original/batch04_contract_198.sol,batch04_contract_198.sol,slither-0.11.3,solidity,2025/09/14,20260328_2256,1774738584.4208417,0.7747611999511719,255,"divide_before_multiply,incorrect_equality,naming_convention,reentrancy_unlimited_gas,solc_version,timestamp,too_many_digits",,,
contracts/batch_04/original/batch04_contract_199.sol,batch04_contract_199.sol,slither-0.11.3,solidity,2025/09/14,20260328_2256,1774738688.180071,0.7619359493255615,255,"constable_states,incorrect_equality,naming_convention,reentrancy_unlimited_gas,solc_version,timestamp",,,
contracts/batch_04/original/batch04_contract_200.sol,batch04_contract_200.sol,slither-0.11.3,solidity,2025/09/14,20260328_2256,1774738586.073574,0.7595949172973633,255,"events_access,external_function,missing_zero_check,naming_convention,reentrancy_unlimited_gas,solc_version",,,
